seq,job_id,product,operation_type,processing_time,arrival_time,due_date,priority_weight,p_over_w_ratio,start_time,completion_time,waiting_time,flow_time,tardiness
1,J0100,Brake Component,Grinding,31,0,81,4,7.75,0,31,0,31,0
2,J0175,Gear Box Cover,Milling,41,1,57,4,10.25,31,72,30,71,15
3,J0647,Engine Bracket,Milling,30,9,58,4,7.5,72,102,63,93,44
4,J0053,Brake Component,Drilling,19,14,72,5,3.8,102,121,88,107,49
5,J0233,Sensor Housing,Drilling,6,20,76,1,6.0,121,127,101,107,51
6,J0274,Brake Component,Drilling,16,13,78,5,3.2,127,143,114,130,65
7,J0489,Brake Component,Grinding,20,13,79,5,4.0,143,163,130,150,84
8,J0162,Sensor Housing,Drilling,14,28,83,2,7.0,163,177,135,149,94
9,J0402,Brake Component,Grinding,25,14,84,5,5.0,177,202,163,188,118
10,J0206,Sensor Housing,Drilling,11,19,88,1,11.0,202,213,183,194,125
11,J0996,EV Battery Case,Assembly,61,12,88,5,12.2,213,274,201,262,186
12,J0611,Battery Module Cover,Milling,63,7,89,5,12.6,274,337,267,330,248
13,J0217,EV Battery Case,Assembly,68,7,94,5,13.6,337,405,330,398,311
14,J0079,Sensor Housing,Drilling,13,20,96,1,13.0,405,418,385,398,322
15,J0652,Engine Bracket,Milling,41,4,97,3,13.67,418,459,414,455,362
16,J0609,Sensor Housing,Drilling,8,37,108,1,8.0,459,467,422,430,359
17,J0943,Gear Box Cover,Drilling,28,60,115,4,7.0,467,495,407,435,380
18,J0901,EV Battery Case,Assembly,60,40,117,5,12.0,495,555,455,515,438
19,J0170,Gear Box Cover,Milling,48,12,118,3,16.0,555,603,543,591,485
20,J0276,Brake Component,Drilling,37,34,119,4,9.25,603,640,569,606,521
21,J0449,Battery Module Cover,Milling,42,62,122,5,8.4,640,682,578,620,560
22,J0407,Brake Component,Drilling,20,19,124,4,5.0,682,702,663,683,578
23,J0109,Drive Shaft,Lathe,60,15,125,5,12.0,702,762,687,747,637
24,J0375,Drive Shaft,Lathe,51,31,133,5,10.2,762,813,731,782,680
25,J0753,Drive Shaft,Grinding,59,19,133,4,14.75,813,872,794,853,739
26,J0768,Brake Component,Grinding,26,54,134,4,6.5,872,898,818,844,764
27,J0506,Battery Module Cover,Assembly,41,51,135,5,8.2,898,939,847,888,804
28,J0564,Engine Bracket,Milling,60,36,135,4,15.0,939,999,903,963,864
29,J0013,Gear Box Cover,Drilling,63,37,136,4,15.75,999,1062,962,1025,926
30,J0654,Sensor Housing,Milling,24,68,136,2,12.0,1062,1086,994,1018,950
31,J0985,Brake Component,Grinding,27,18,136,4,6.75,1086,1113,1068,1095,977
32,J0347,Gear Box Cover,Drilling,68,38,139,4,17.0,1113,1181,1075,1143,1042
33,J0024,Engine Bracket,Grinding,44,77,140,4,11.0,1181,1225,1104,1148,1085
34,J0534,Sensor Housing,Drilling,14,98,141,2,7.0,1225,1239,1127,1141,1098
35,J0890,Sensor Housing,Milling,10,73,143,1,10.0,1239,1249,1166,1176,1106
36,J0963,Engine Bracket,Milling,45,16,144,3,15.0,1249,1294,1233,1278,1150
37,J0307,Gear Box Cover,Drilling,37,55,145,3,12.33,1294,1331,1239,1276,1186
38,J0574,EV Battery Case,Milling,70,29,145,5,14.0,1331,1401,1302,1372,1256
39,J0126,Gear Box Cover,Drilling,26,81,148,4,6.5,1401,1427,1320,1346,1279
40,J0171,Gear Box Cover,Milling,80,30,148,4,20.0,1427,1507,1397,1477,1359
41,J0141,Sensor Housing,Milling,25,82,149,2,12.5,1507,1532,1425,1450,1383
42,J0371,Sensor Housing,Milling,8,66,149,1,8.0,1532,1540,1466,1474,1391
43,J0629,Brake Component,Drilling,21,3,149,4,5.25,1540,1561,1537,1558,1412
44,J0787,Sensor Housing,Drilling,18,47,149,1,18.0,1561,1579,1514,1532,1430
45,J0677,Engine Bracket,Milling,32,61,150,3,10.67,1579,1611,1518,1550,1461
46,J0932,Battery Module Cover,Assembly,43,33,150,4,10.75,1611,1654,1578,1621,1504
47,J0128,Engine Bracket,Grinding,50,61,151,3,16.67,1654,1704,1593,1643,1553
48,J0578,Gear Box Cover,Drilling,30,20,151,3,10.0,1704,1734,1684,1714,1583
49,J0898,Battery Module Cover,Milling,78,48,151,5,15.6,1734,1812,1686,1764,1661
50,J0169,Gear Box Cover,Drilling,67,28,153,3,22.33,1812,1879,1784,1851,1726
51,J0059,Engine Bracket,Grinding,38,31,154,3,12.67,1879,1917,1848,1886,1763
52,J0675,Brake Component,Drilling,16,69,154,4,4.0,1917,1933,1848,1864,1779
53,J0122,Sensor Housing,Drilling,19,39,155,1,19.0,1933,1952,1894,1913,1797
54,J0207,Sensor Housing,Milling,13,19,155,1,13.0,1952,1965,1933,1946,1810
55,J0046,Engine Bracket,Milling,39,52,156,3,13.0,1965,2004,1913,1952,1848
56,J0253,Brake Component,Grinding,50,81,156,5,10.0,2004,2054,1923,1973,1898
57,J0283,Engine Bracket,Grinding,48,24,159,3,16.0,2054,2102,2030,2078,1943
58,J0008,Battery Module Cover,Assembly,63,49,160,4,15.75,2102,2165,2053,2116,2005
59,J0427,Engine Bracket,Milling,53,0,160,3,17.67,2165,2218,2165,2218,2058
60,J0782,EV Battery Case,Milling,57,45,160,5,11.4,2218,2275,2173,2230,2115
61,J0854,Engine Bracket,Grinding,53,32,160,3,17.67,2275,2328,2243,2296,2168
62,J0940,Engine Bracket,Milling,43,15,160,3,14.33,2328,2371,2313,2356,2211
63,J0409,Drive Shaft,Grinding,52,51,161,5,10.4,2371,2423,2320,2372,2262
64,J0951,Sensor Housing,Drilling,20,131,161,2,10.0,2423,2443,2292,2312,2282
65,J0003,Sensor Housing,Drilling,18,35,163,1,18.0,2443,2461,2408,2426,2298
66,J0668,Gear Box Cover,Milling,72,26,164,3,24.0,2461,2533,2435,2507,2369
67,J0740,Battery Module Cover,Milling,46,7,164,4,11.5,2533,2579,2526,2572,2415
68,J0914,Brake Component,Drilling,31,27,166,4,7.75,2579,2610,2552,2583,2444
69,J0085,Engine Bracket,Milling,54,5,169,3,18.0,2610,2664,2605,2659,2495
70,J0096,Gear Box Cover,Milling,38,43,169,3,12.67,2664,2702,2621,2659,2533
71,J0209,Brake Component,Grinding,24,104,169,5,4.8,2702,2726,2598,2622,2557
72,J0397,Engine Bracket,Grinding,80,41,169,4,20.0,2726,2806,2685,2765,2637
73,J0535,Sensor Housing,Milling,14,64,169,1,14.0,2806,2820,2742,2756,2651
74,J0005,Drive Shaft,Lathe,100,25,170,4,25.0,2820,2920,2795,2895,2750
75,J0912,Engine Bracket,Milling,59,82,171,4,14.75,2920,2979,2838,2897,2808
76,J0030,Drive Shaft,Grinding,52,97,172,5,10.4,2979,3031,2882,2934,2859
77,J0417,Engine Bracket,Milling,55,59,172,3,18.33,3031,3086,2972,3027,2914
78,J0471,Sensor Housing,Milling,15,113,172,2,7.5,3086,3101,2973,2988,2929
79,J0681,Brake Component,Drilling,23,137,172,5,4.6,3101,3124,2964,2987,2952
80,J0064,Gear Box Cover,Milling,70,29,174,3,23.33,3124,3194,3095,3165,3020
81,J0254,Drive Shaft,Lathe,107,49,175,5,21.4,3194,3301,3145,3252,3126
82,J0087,Brake Component,Drilling,20,134,176,5,4.0,3301,3321,3167,3187,3145
83,J0848,Sensor Housing,Milling,15,111,176,2,7.5,3321,3336,3210,3225,3160
84,J0442,Gear Box Cover,Drilling,57,13,178,3,19.0,3336,3393,3323,3380,3215
85,J0676,Battery Module Cover,Milling,79,53,178,4,19.75,3393,3472,3340,3419,3294
86,J0727,Brake Component,Grinding,41,97,178,4,10.25,3472,3513,3375,3416,3335
87,J0785,Sensor Housing,Milling,20,19,178,1,20.0,3513,3533,3494,3514,3355
88,J0913,Gear Box Cover,Drilling,48,32,178,3,16.0,3533,3581,3501,3549,3403
89,J0435,Engine Bracket,Grinding,35,7,179,3,11.67,3581,3616,3574,3609,3437
90,J0946,Battery Module Cover,Milling,42,30,179,4,10.5,3616,3658,3586,3628,3479
91,J0550,EV Battery Case,Milling,87,27,180,5,17.4,3658,3745,3631,3718,3565
92,J0999,Engine Bracket,Milling,30,135,180,4,7.5,3745,3775,3610,3640,3595
93,J0129,Engine Bracket,Grinding,55,61,181,3,18.33,3775,3830,3714,3769,3649
94,J0132,EV Battery Case,Assembly,77,52,181,5,15.4,3830,3907,3778,3855,3726
95,J0172,Drive Shaft,Grinding,59,40,181,4,14.75,3907,3966,3867,3926,3785
96,J0977,Sensor Housing,Drilling,17,92,181,1,17.0,3966,3983,3874,3891,3802
97,J0241,Brake Component,Drilling,27,82,184,4,6.75,3983,4010,3901,3928,3826
98,J0086,Gear Box Cover,Drilling,64,66,185,4,16.0,4010,4074,3944,4008,3889
99,J0766,Engine Bracket,Milling,48,86,185,3,16.0,4074,4122,3988,4036,3937
100,J0394,Brake Component,Drilling,17,92,186,4,4.25,4122,4139,4030,4047,3953
101,J0501,Drive Shaft,Lathe,102,5,186,4,25.5,4139,4241,4134,4236,4055
102,J0517,EV Battery Case,Assembly,65,88,187,5,13.0,4241,4306,4153,4218,4119
103,J0221,EV Battery Case,Assembly,79,64,188,5,15.8,4306,4385,4242,4321,4197
104,J0391,Gear Box Cover,Drilling,59,44,188,3,19.67,4385,4444,4341,4400,4256
105,J0692,Engine Bracket,Grinding,66,0,188,3,22.0,4444,4510,4444,4510,4322
106,J0947,Sensor Housing,Milling,21,87,188,1,21.0,4510,4531,4423,4444,4343
107,J0540,Sensor Housing,Milling,14,58,189,1,14.0,4531,4545,4473,4487,4356
108,J0159,Brake Component,Grinding,36,114,190,4,9.0,4545,4581,4431,4467,4391
109,J0232,Gear Box Cover,Milling,39,65,190,3,13.0,4581,4620,4516,4555,4430
110,J0599,Battery Module Cover,Milling,84,47,190,5,16.8,4620,4704,4573,4657,4514
111,J0601,Sensor Housing,Milling,19,153,190,2,9.5,4704,4723,4551,4570,4533
112,J0026,Engine Bracket,Grinding,30,74,191,3,10.0,4723,4753,4649,4679,4562
113,J0032,Sensor Housing,Milling,22,51,191,1,22.0,4753,4775,4702,4724,4584
114,J0103,Gear Box Cover,Milling,60,11,191,3,20.0,4775,4835,4764,4824,4644
115,J0158,Gear Box Cover,Milling,41,36,191,3,13.67,4835,4876,4799,4840,4685
116,J0460,Drive Shaft,Lathe,55,17,191,4,13.75,4876,4931,4859,4914,4740
117,J0234,Drive Shaft,Grinding,110,40,192,5,22.0,4931,5041,4891,5001,4849
118,J0361,Drive Shaft,Lathe,77,20,195,4,19.25,5041,5118,5021,5098,4923
119,J0562,Engine Bracket,Grinding,42,56,195,3,14.0,5118,5160,5062,5104,4965
120,J0639,Battery Module Cover,Assembly,45,37,195,4,11.25,5160,5205,5123,5168,5010
121,J0798,Gear Box Cover,Drilling,54,74,195,3,18.0,5205,5259,5131,5185,5064
122,J0416,Gear Box Cover,Milling,75,38,196,3,25.0,5259,5334,5221,5296,5138
123,J0868,Gear Box Cover,Milling,56,54,196,3,18.67,5334,5390,5280,5336,5194
124,J0801,Gear Box Cover,Milling,42,110,197,3,14.0,5390,5432,5280,5322,5235
125,J0600,Battery Module Cover,Assembly,65,121,198,5,13.0,5432,5497,5311,5376,5299
126,J0666,Engine Bracket,Milling,44,144,198,4,11.0,5497,5541,5353,5397,5343
127,J0457,Drive Shaft,Lathe,96,55,199,4,24.0,5541,5637,5486,5582,5438
128,J0843,EV Battery Case,Assembly,92,63,199,5,18.4,5637,5729,5574,5666,5530
129,J0916,Sensor Housing,Milling,11,147,199,1,11.0,5729,5740,5582,5593,5541
130,J0448,Brake Component,Drilling,23,63,200,4,5.75,5740,5763,5677,5700,5563
131,J0886,Drive Shaft,Lathe,54,124,200,5,10.8,5763,5817,5639,5693,5617
132,J0381,Engine Bracket,Grinding,47,31,201,3,15.67,5817,5864,5786,5833,5663
133,J0945,Sensor Housing,Milling,21,113,201,1,21.0,5864,5885,5751,5772,5684
134,J0075,Gear Box Cover,Drilling,51,100,202,3,17.0,5885,5936,5785,5836,5734
135,J0414,Drive Shaft,Lathe,54,80,202,4,13.5,5936,5990,5856,5910,5788
136,J0463,Brake Component,Drilling,24,57,203,4,6.0,5990,6014,5933,5957,5811
137,J0164,Engine Bracket,Milling,56,17,204,3,18.67,6014,6070,5997,6053,5866
138,J0573,Engine Bracket,Milling,48,69,204,3,16.0,6070,6118,6001,6049,5914
139,J0636,Sensor Housing,Milling,25,137,204,1,25.0,6118,6143,5981,6006,5939
140,J0258,Battery Module Cover,Assembly,65,95,207,4,16.25,6143,6208,6048,6113,6001
141,J0429,Brake Component,Grinding,31,70,207,4,7.75,6208,6239,6138,6169,6032
142,J0830,Battery Module Cover,Milling,83,39,208,4,20.75,6239,6322,6200,6283,6114
143,J0289,Sensor Housing,Drilling,20,48,209,1,20.0,6322,6342,6274,6294,6133
144,J0430,EV Battery Case,Assembly,105,89,209,5,21.0,6342,6447,6253,6358,6238
145,J0743,EV Battery Case,Assembly,93,51,209,5,18.6,6447,6540,6396,6489,6331
146,J0503,Sensor Housing,Milling,11,89,210,1,11.0,6540,6551,6451,6462,6341
147,J0598,Gear Box Cover,Drilling,59,87,210,3,19.67,6551,6610,6464,6523,6400
148,J0689,EV Battery Case,Assembly,102,59,210,5,20.4,6610,6712,6551,6653,6502
149,J0705,Drive Shaft,Lathe,116,76,210,5,23.2,6712,6828,6636,6752,6618
150,J0707,Battery Module Cover,Milling,59,129,210,5,11.8,6828,6887,6699,6758,6677
151,J0930,Drive Shaft,Grinding,78,92,210,5,15.6,6887,6965,6795,6873,6755
152,J0037,EV Battery Case,Assembly,93,11,211,5,18.6,6965,7058,6954,7047,6847
153,J0800,Engine Bracket,Grinding,35,138,211,4,8.75,7058,7093,6920,6955,6882
154,J0923,Sensor Housing,Drilling,7,72,211,1,7.0,7093,7100,7021,7028,6889
155,J0238,Sensor Housing,Drilling,13,81,212,1,13.0,7100,7113,7019,7032,6901
156,J0069,Engine Bracket,Milling,53,70,213,3,17.67,7113,7166,7043,7096,6953
157,J0462,Battery Module Cover,Assembly,56,62,213,4,14.0,7166,7222,7104,7160,7009
158,J0581,Battery Module Cover,Milling,56,32,213,4,14.0,7222,7278,7190,7246,7065
159,J0673,Brake Component,Grinding,45,46,213,4,11.25,7278,7323,7232,7277,7110
160,J0986,Battery Module Cover,Milling,76,39,213,4,19.0,7323,7399,7284,7360,7186
161,J1000,Sensor Housing,Milling,13,67,213,1,13.0,7399,7412,7332,7345,7199
162,J0062,Sensor Housing,Milling,10,72,214,1,10.0,7412,7422,7340,7350,7208
163,J0967,Engine Bracket,Milling,60,61,214,3,20.0,7422,7482,7361,7421,7268
164,J0281,Gear Box Cover,Milling,43,50,215,3,14.33,7482,7525,7432,7475,7310
165,J0638,Engine Bracket,Milling,37,123,216,3,12.33,7525,7562,7402,7439,7346
166,J0973,Sensor Housing,Drilling,7,147,216,1,7.0,7562,7569,7415,7422,7353
167,J0193,Engine Bracket,Milling,38,49,217,3,12.67,7569,7607,7520,7558,7390
168,J0240,Brake Component,Grinding,52,121,217,4,13.0,7607,7659,7486,7538,7442
169,J0780,EV Battery Case,Milling,76,43,218,5,15.2,7659,7735,7616,7692,7517
170,J0815,Sensor Housing,Drilling,9,96,218,1,9.0,7735,7744,7639,7648,7526
171,J0876,Sensor Housing,Drilling,6,104,218,1,6.0,7744,7750,7640,7646,7532
172,J0278,Drive Shaft,Lathe,99,54,219,4,24.75,7750,7849,7696,7795,7630
173,J0662,Gear Box Cover,Milling,36,128,219,4,9.0,7849,7885,7721,7757,7666
174,J0151,EV Battery Case,Assembly,68,16,221,5,13.6,7885,7953,7869,7937,7732
175,J0728,Brake Component,Grinding,53,134,221,5,10.6,7953,8006,7819,7872,7785
176,J0845,Gear Box Cover,Drilling,70,34,221,3,23.33,8006,8076,7972,8042,7855
177,J0885,Drive Shaft,Lathe,79,2,221,4,19.75,8076,8155,8074,8153,7934
178,J0183,Engine Bracket,Grinding,69,22,222,3,23.0,8155,8224,8133,8202,8002
179,J0332,Sensor Housing,Drilling,16,125,222,1,16.0,8224,8240,8099,8115,8018
180,J0580,EV Battery Case,Milling,64,145,222,5,12.8,8240,8304,8095,8159,8082
181,J0712,EV Battery Case,Milling,113,22,223,5,22.6,8304,8417,8282,8395,8194
182,J0992,Sensor Housing,Drilling,6,101,223,1,6.0,8417,8423,8316,8322,8200
183,J0143,EV Battery Case,Milling,82,71,224,5,16.4,8423,8505,8352,8434,8281
184,J0304,Engine Bracket,Grinding,40,120,224,3,13.33,8505,8545,8385,8425,8321
185,J0356,Brake Component,Grinding,39,65,225,4,9.75,8545,8584,8480,8519,8359
186,J0908,Sensor Housing,Milling,19,83,225,1,19.0,8584,8603,8501,8520,8378
187,J0082,Gear Box Cover,Drilling,30,142,226,4,7.5,8603,8633,8461,8491,8407
188,J0404,EV Battery Case,Milling,114,61,226,5,22.8,8633,8747,8572,8686,8521
189,J0466,Gear Box Cover,Milling,67,67,226,3,22.33,8747,8814,8680,8747,8588
190,J0994,EV Battery Case,Assembly,113,88,226,5,22.6,8814,8927,8726,8839,8701
191,J0363,Gear Box Cover,Milling,76,6,227,3,25.33,8927,9003,8921,8997,8776
192,J0537,Drive Shaft,Lathe,85,90,228,5,17.0,9003,9088,8913,8998,8860
193,J0533,EV Battery Case,Assembly,80,96,229,5,16.0,9088,9168,8992,9072,8939
194,J0615,Engine Bracket,Grinding,63,110,229,3,21.0,9168,9231,9058,9121,9002
195,J0738,Brake Component,Drilling,16,92,229,4,4.0,9231,9247,9139,9155,9018
196,J0060,Gear Box Cover,Drilling,57,66,230,3,19.0,9247,9304,9181,9238,9074
197,J0358,Battery Module Cover,Assembly,65,153,230,5,13.0,9304,9369,9151,9216,9139
198,J0418,Engine Bracket,Milling,28,92,230,3,9.33,9369,9397,9277,9305,9167
199,J0893,Battery Module Cover,Assembly,85,27,230,4,21.25,9397,9482,9370,9455,9252
200,J0365,Brake Component,Grinding,22,163,231,5,4.4,9482,9504,9319,9341,9273
201,J0704,Engine Bracket,Grinding,74,57,232,3,24.67,9504,9578,9447,9521,9346
202,J0995,Sensor Housing,Milling,12,89,232,1,12.0,9578,9590,9489,9501,9358
203,J0190,Battery Module Cover,Assembly,72,101,233,4,18.0,9590,9662,9489,9561,9429
204,J0437,Battery Module Cover,Milling,37,83,233,4,9.25,9662,9699,9579,9616,9466
205,J0997,Brake Component,Drilling,30,171,233,5,6.0,9699,9729,9528,9558,9496
206,J0847,Sensor Housing,Drilling,7,184,234,2,3.5,9729,9736,9545,9552,9502
207,J0425,Brake Component,Drilling,27,148,235,4,6.75,9736,9763,9588,9615,9528
208,J0678,Battery Module Cover,Milling,35,91,235,4,8.75,9763,9798,9672,9707,9563
209,J0759,Battery Module Cover,Assembly,40,176,235,5,8.0,9798,9838,9622,9662,9603
210,J0874,Brake Component,Drilling,18,109,235,4,4.5,9838,9856,9729,9747,9621
211,J0194,Gear Box Cover,Milling,49,68,236,3,16.33,9856,9905,9788,9837,9669
212,J0266,EV Battery Case,Milling,100,26,236,5,20.0,9905,10005,9879,9979,9769
213,J0419,Brake Component,Grinding,29,136,236,4,7.25,10005,10034,9869,9898,9798
214,J0519,Sensor Housing,Drilling,17,171,236,1,17.0,10034,10051,9863,9880,9815
215,J0760,Drive Shaft,Grinding,51,88,236,4,12.75,10051,10102,9963,10014,9866
216,J0828,Battery Module Cover,Milling,75,81,236,4,18.75,10102,10177,10021,10096,9941
217,J0968,Brake Component,Drilling,31,69,236,4,7.75,10177,10208,10108,10139,9972
218,J0310,Engine Bracket,Grinding,31,72,237,3,10.33,10208,10239,10136,10167,10002
219,J0813,Sensor Housing,Drilling,19,159,237,1,19.0,10239,10258,10080,10099,10021
220,J0432,Engine Bracket,Milling,38,70,238,3,12.67,10258,10296,10188,10226,10058
221,J0822,Brake Component,Drilling,20,157,238,4,5.0,10296,10316,10139,10159,10078
222,J0412,Sensor Housing,Drilling,20,194,239,2,10.0,10316,10336,10122,10142,10097
223,J0762,EV Battery Case,Milling,106,35,239,5,21.2,10336,10442,10301,10407,10203
224,J0525,Brake Component,Grinding,42,110,240,4,10.5,10442,10484,10332,10374,10244
225,J0575,EV Battery Case,Milling,112,25,240,5,22.4,10484,10596,10459,10571,10356
226,J0236,Drive Shaft,Lathe,74,67,243,4,18.5,10596,10670,10529,10603,10427
227,J0521,Gear Box Cover,Drilling,47,121,243,3,15.67,10670,10717,10549,10596,10474
228,J0640,Engine Bracket,Milling,25,96,243,3,8.33,10717,10742,10621,10646,10499
229,J0196,Sensor Housing,Drilling,14,143,244,1,14.0,10742,10756,10599,10613,10512
230,J0400,Engine Bracket,Grinding,57,49,244,3,19.0,10756,10813,10707,10764,10569
231,J0878,Gear Box Cover,Milling,35,124,244,3,11.67,10813,10848,10689,10724,10604
232,J0631,Brake Component,Drilling,19,154,245,4,4.75,10848,10867,10694,10713,10622
233,J0818,Battery Module Cover,Milling,76,43,245,4,19.0,10867,10943,10824,10900,10698
234,J0433,Drive Shaft,Lathe,89,103,246,5,17.8,10943,11032,10840,10929,10786
235,J0659,Gear Box Cover,Drilling,38,165,246,3,12.67,11032,11070,10867,10905,10824
236,J0292,Drive Shaft,Lathe,113,84,247,5,22.6,11070,11183,10986,11099,10936
237,J0641,Sensor Housing,Drilling,5,108,248,1,5.0,11183,11188,11075,11080,10940
238,J0778,Battery Module Cover,Assembly,92,125,248,5,18.4,11188,11280,11063,11155,11032
239,J0227,Drive Shaft,Lathe,91,60,249,4,22.75,11280,11371,11220,11311,11122
240,J0508,Drive Shaft,Lathe,91,73,249,4,22.75,11371,11462,11298,11389,11213
241,J0510,Battery Module Cover,Assembly,62,98,249,4,15.5,11462,11524,11364,11426,11275
242,J0019,Engine Bracket,Milling,54,181,252,4,13.5,11524,11578,11343,11397,11326
243,J0242,Drive Shaft,Grinding,93,86,252,4,23.25,11578,11671,11492,11585,11419
244,J0793,Engine Bracket,Milling,40,101,252,3,13.33,11671,11711,11570,11610,11459
245,J0771,Engine Bracket,Grinding,42,145,253,3,14.0,11711,11753,11566,11608,11500
246,J0114,Engine Bracket,Milling,38,118,254,3,12.67,11753,11791,11635,11673,11537
247,J0211,Drive Shaft,Lathe,118,46,254,4,29.5,11791,11909,11745,11863,11655
248,J0282,Brake Component,Grinding,40,172,254,4,10.0,11909,11949,11737,11777,11695
249,J0098,Gear Box Cover,Milling,45,137,255,3,15.0,11949,11994,11812,11857,11739
250,J0264,Drive Shaft,Grinding,67,115,255,4,16.75,11994,12061,11879,11946,11806
251,J0620,Drive Shaft,Lathe,68,139,255,4,17.0,12061,12129,11922,11990,11874
252,J0058,Brake Component,Grinding,52,123,256,4,13.0,12129,12181,12006,12058,11925
253,J0181,Sensor Housing,Drilling,6,237,256,2,3.0,12181,12187,11944,11950,11931
254,J0802,Gear Box Cover,Milling,59,138,256,3,19.67,12187,12246,12049,12108,11990
255,J0450,Battery Module Cover,Assembly,95,116,257,5,19.0,12246,12341,12130,12225,12084
256,J0477,Brake Component,Drilling,28,172,257,4,7.0,12341,12369,12169,12197,12112
257,J0556,Gear Box Cover,Milling,80,123,257,4,20.0,12369,12449,12246,12326,12192
258,J0102,EV Battery Case,Assembly,65,135,258,5,13.0,12449,12514,12314,12379,12256
259,J0203,Brake Component,Drilling,16,97,258,4,4.0,12514,12530,12417,12433,12272
260,J0315,Brake Component,Grinding,30,128,259,4,7.5,12530,12560,12402,12432,12301
261,J0910,Gear Box Cover,Milling,56,118,259,3,18.67,12560,12616,12442,12498,12357
262,J0931,Sensor Housing,Milling,17,130,259,1,17.0,12616,12633,12486,12503,12374
263,J0661,Drive Shaft,Grinding,52,116,260,4,13.0,12633,12685,12517,12569,12425
264,J0939,EV Battery Case,Assembly,63,50,260,5,12.6,12685,12748,12635,12698,12488
265,J0679,Brake Component,Drilling,31,181,261,4,7.75,12748,12779,12567,12598,12518
266,J0757,Battery Module Cover,Assembly,52,71,261,4,13.0,12779,12831,12708,12760,12570
267,J0937,Sensor Housing,Milling,25,99,261,1,25.0,12831,12856,12732,12757,12595
268,J0097,EV Battery Case,Milling,93,124,262,5,18.6,12856,12949,12732,12825,12687
269,J0919,Engine Bracket,Grinding,45,174,262,3,15.0,12949,12994,12775,12820,12732
270,J0225,Sensor Housing,Drilling,10,196,265,1,10.0,12994,13004,12798,12808,12739
271,J0906,Battery Module Cover,Milling,63,130,265,4,15.75,13004,13067,12874,12937,12802
272,J0871,Engine Bracket,Grinding,43,181,266,3,14.33,13067,13110,12886,12929,12844
273,J0325,Drive Shaft,Grinding,78,55,267,4,19.5,13110,13188,13055,13133,12921
274,J0339,Brake Component,Grinding,54,85,267,4,13.5,13188,13242,13103,13157,12975
275,J0909,Drive Shaft,Grinding,86,140,267,4,21.5,13242,13328,13102,13188,13061
276,J0337,Engine Bracket,Grinding,68,51,268,3,22.67,13328,13396,13277,13345,13128
277,J0408,Sensor Housing,Milling,6,132,268,1,6.0,13396,13402,13264,13270,13134
278,J0576,Gear Box Cover,Drilling,71,80,268,3,23.67,13402,13473,13322,13393,13205
279,J0031,Gear Box Cover,Milling,42,174,269,3,14.0,13473,13515,13299,13341,13246
280,J0744,EV Battery Case,Assembly,120,25,269,5,24.0,13515,13635,13490,13610,13366
281,J0869,EV Battery Case,Milling,86,42,269,5,17.2,13635,13721,13593,13679,13452
282,J0239,Engine Bracket,Grinding,39,130,270,3,13.0,13721,13760,13591,13630,13490
283,J0607,Sensor Housing,Milling,12,130,270,1,12.0,13760,13772,13630,13642,13502
284,J0720,Gear Box Cover,Drilling,56,69,270,3,18.67,13772,13828,13703,13759,13558
285,J0775,Brake Component,Drilling,41,135,270,4,10.25,13828,13869,13693,13734,13599
286,J0820,Drive Shaft,Grinding,86,82,271,4,21.5,13869,13955,13787,13873,13684
287,J0974,EV Battery Case,Assembly,86,37,271,5,17.2,13955,14041,13918,14004,13770
288,J0093,Battery Module Cover,Milling,79,110,272,4,19.75,14041,14120,13931,14010,13848
289,J0323,Drive Shaft,Grinding,52,129,272,4,13.0,14120,14172,13991,14043,13900
290,J0572,Drive Shaft,Grinding,93,94,272,4,23.25,14172,14265,14078,14171,13993
291,J0616,Battery Module Cover,Assembly,53,86,272,4,13.25,14265,14318,14179,14232,14046
292,J0789,Drive Shaft,Grinding,62,132,272,4,15.5,14318,14380,14186,14248,14108
293,J0604,EV Battery Case,Assembly,112,130,275,5,22.4,14380,14492,14250,14362,14217
294,J0816,Battery Module Cover,Assembly,65,88,275,4,16.25,14492,14557,14404,14469,14282
295,J0969,Sensor Housing,Milling,12,216,275,2,6.0,14557,14569,14341,14353,14294
296,J0518,Brake Component,Drilling,43,148,277,4,10.75,14569,14612,14421,14464,14335
297,J0579,Brake Component,Drilling,38,190,277,5,7.6,14612,14650,14422,14460,14373
298,J0984,Drive Shaft,Grinding,91,65,277,4,22.75,14650,14741,14585,14676,14464
299,J0153,EV Battery Case,Milling,83,127,278,5,16.6,14741,14824,14614,14697,14546
300,J0360,Battery Module Cover,Milling,74,75,278,4,18.5,14824,14898,14749,14823,14620
301,J0844,Drive Shaft,Grinding,81,67,278,4,20.25,14898,14979,14831,14912,14701
302,J0163,Drive Shaft,Grinding,55,131,280,4,13.75,14979,15034,14848,14903,14754
303,J0486,Gear Box Cover,Drilling,44,94,280,3,14.67,15034,15078,14940,14984,14798
304,J0825,Brake Component,Grinding,48,206,280,5,9.6,15078,15126,14872,14920,14846
305,J0864,Drive Shaft,Lathe,58,181,280,4,14.5,15126,15184,14945,15003,14904
306,J0920,Sensor Housing,Milling,25,132,280,1,25.0,15184,15209,15052,15077,14929
307,J0336,Drive Shaft,Lathe,51,107,281,4,12.75,15209,15260,15102,15153,14979
308,J0846,EV Battery Case,Milling,93,109,281,5,18.6,15260,15353,15151,15244,15072
309,J0083,Brake Component,Grinding,24,137,282,4,6.0,15353,15377,15216,15240,15095
310,J0199,Engine Bracket,Milling,50,128,282,3,16.67,15377,15427,15249,15299,15145
311,J0210,Battery Module Cover,Milling,39,208,282,5,7.8,15427,15466,15219,15258,15184
312,J0541,Drive Shaft,Lathe,55,207,282,5,11.0,15466,15521,15259,15314,15239
313,J0160,Sensor Housing,Drilling,19,142,283,1,19.0,15521,15540,15379,15398,15257
314,J0714,Gear Box Cover,Drilling,47,122,283,3,15.67,15540,15587,15418,15465,15304
315,J0142,EV Battery Case,Milling,90,112,284,5,18.0,15587,15677,15475,15565,15393
316,J0975,Engine Bracket,Milling,53,124,284,3,17.67,15677,15730,15553,15606,15446
317,J0635,Gear Box Cover,Drilling,36,141,286,3,12.0,15730,15766,15589,15625,15480
318,J0784,Brake Component,Drilling,44,112,286,4,11.0,15766,15810,15654,15698,15524
319,J0842,Drive Shaft,Grinding,61,77,286,4,15.25,15810,15871,15733,15794,15585
320,J0204,Battery Module Cover,Assembly,99,38,287,4,24.75,15871,15970,15833,15932,15683
321,J0214,EV Battery Case,Milling,96,100,287,5,19.2,15970,16066,15870,15966,15779
322,J0006,Battery Module Cover,Assembly,58,214,289,5,11.6,16066,16124,15852,15910,15835
323,J0184,Drive Shaft,Grinding,80,152,290,5,16.0,16124,16204,15972,16052,15914
324,J0268,Sensor Housing,Milling,10,133,290,1,10.0,16204,16214,16071,16081,15924
325,J0072,Drive Shaft,Grinding,63,129,291,4,15.75,16214,16277,16085,16148,15986
326,J0594,Drive Shaft,Grinding,107,116,291,4,26.75,16277,16384,16161,16268,16093
327,J0009,Battery Module Cover,Assembly,79,105,292,4,19.75,16384,16463,16279,16358,16171
328,J0149,EV Battery Case,Assembly,65,138,292,5,13.0,16463,16528,16325,16390,16236
329,J0944,Engine Bracket,Grinding,60,122,293,3,20.0,16528,16588,16406,16466,16295
330,J0498,Engine Bracket,Grinding,70,80,294,3,23.33,16588,16658,16508,16578,16364
331,J0781,Battery Module Cover,Assembly,40,162,294,4,10.0,16658,16698,16496,16536,16404
332,J0824,EV Battery Case,Milling,99,95,294,5,19.8,16698,16797,16603,16702,16503
333,J0208,Brake Component,Drilling,41,167,295,4,10.25,16797,16838,16630,16671,16543
334,J0542,Gear Box Cover,Milling,83,155,295,4,20.75,16838,16921,16683,16766,16626
335,J0267,Drive Shaft,Grinding,78,151,296,4,19.5,16921,16999,16770,16848,16703
336,J0113,Sensor Housing,Milling,20,129,297,1,20.0,16999,17019,16870,16890,16722
337,J0377,Brake Component,Grinding,23,161,297,4,5.75,17019,17042,16858,16881,16745
338,J0473,Brake Component,Grinding,55,166,297,4,13.75,17042,17097,16876,16931,16800
339,J0701,EV Battery Case,Milling,62,209,297,5,12.4,17097,17159,16888,16950,16862
340,J0835,EV Battery Case,Assembly,119,157,297,5,23.8,17159,17278,17002,17121,16981
341,J0859,Drive Shaft,Grinding,69,174,297,4,17.25,17278,17347,17104,17173,17050
342,J0118,Engine Bracket,Milling,25,246,298,4,6.25,17347,17372,17101,17126,17074
343,J0165,Gear Box Cover,Drilling,68,202,298,4,17.0,17372,17440,17170,17238,17142
344,J0367,Sensor Housing,Drilling,17,228,298,2,8.5,17440,17457,17212,17229,17159
345,J0523,Brake Component,Drilling,21,138,299,4,5.25,17457,17478,17319,17340,17179
346,J0553,Drive Shaft,Lathe,119,133,299,4,29.75,17478,17597,17345,17464,17298
347,J0548,Drive Shaft,Grinding,73,143,300,4,18.25,17597,17670,17454,17527,17370
348,J0311,Gear Box Cover,Milling,82,124,301,3,27.33,17670,17752,17546,17628,17451
349,J0554,Brake Component,Grinding,42,210,302,5,8.4,17752,17794,17542,17584,17492
350,J0866,Drive Shaft,Grinding,90,156,303,5,18.0,17794,17884,17638,17728,17581
351,J0145,Engine Bracket,Grinding,66,103,304,3,22.0,17884,17950,17781,17847,17646
352,J0558,Drive Shaft,Lathe,80,170,305,4,20.0,17950,18030,17780,17860,17725
353,J0643,Brake Component,Drilling,42,212,305,4,10.5,18030,18072,17818,17860,17767
354,J0089,Battery Module Cover,Assembly,57,177,306,4,14.25,18072,18129,17895,17952,17823
355,J0130,Drive Shaft,Lathe,87,129,306,4,21.75,18129,18216,18000,18087,17910
356,J0428,Engine Bracket,Milling,48,222,306,4,12.0,18216,18264,17994,18042,17958
357,J0034,Engine Bracket,Grinding,68,186,308,3,22.67,18264,18332,18078,18146,18024
358,J0099,Engine Bracket,Grinding,65,165,309,3,21.67,18332,18397,18167,18232,18088
359,J0251,Sensor Housing,Milling,23,181,310,1,23.0,18397,18420,18216,18239,18110
360,J0373,Engine Bracket,Milling,30,150,310,3,10.0,18420,18450,18270,18300,18140
361,J0405,Engine Bracket,Grinding,66,119,310,3,22.0,18450,18516,18331,18397,18206
362,J0467,Battery Module Cover,Milling,52,124,310,4,13.0,18516,18568,18392,18444,18258
363,J0179,Battery Module Cover,Milling,47,165,312,4,11.75,18568,18615,18403,18450,18303
364,J0192,Battery Module Cover,Milling,45,218,312,4,11.25,18615,18660,18397,18442,18348
365,J0509,Engine Bracket,Milling,27,136,312,3,9.0,18660,18687,18524,18551,18375
366,J0557,Gear Box Cover,Milling,76,179,312,3,25.33,18687,18763,18508,18584,18451
367,J0794,Brake Component,Grinding,23,200,313,4,5.75,18763,18786,18563,18586,18473
368,J0036,Brake Component,Drilling,38,175,314,4,9.5,18786,18824,18611,18649,18510
369,J0651,Engine Bracket,Grinding,65,142,314,3,21.67,18824,18889,18682,18747,18575
370,J0698,Sensor Housing,Drilling,11,270,314,2,5.5,18889,18900,18619,18630,18586
371,J0972,Gear Box Cover,Milling,38,223,314,3,12.67,18900,18938,18677,18715,18624
372,J0346,Battery Module Cover,Milling,77,151,315,4,19.25,18938,19015,18787,18864,18700
373,J0862,Drive Shaft,Lathe,83,103,315,4,20.75,19015,19098,18912,18995,18783
374,J0076,Drive Shaft,Grinding,47,173,316,4,11.75,19098,19145,18925,18972,18829
375,J0107,Drive Shaft,Grinding,109,71,316,4,27.25,19145,19254,19074,19183,18938
376,J0201,Sensor Housing,Milling,5,243,317,1,5.0,19254,19259,19011,19016,18942
377,J0265,Brake Component,Drilling,18,171,317,4,4.5,19259,19277,19088,19106,18960
378,J0303,EV Battery Case,Assembly,106,79,317,5,21.2,19277,19383,19198,19304,19066
379,J0319,EV Battery Case,Assembly,93,178,317,5,18.6,19383,19476,19205,19298,19159
380,J0117,Battery Module Cover,Assembly,61,130,319,4,15.25,19476,19537,19346,19407,19218
381,J0545,Sensor Housing,Milling,25,146,320,1,25.0,19537,19562,19391,19416,19242
382,J0924,Gear Box Cover,Drilling,74,230,320,4,18.5,19562,19636,19332,19406,19316
383,J0308,Engine Bracket,Milling,49,237,321,4,12.25,19636,19685,19399,19448,19364
384,J0385,Engine Bracket,Grinding,47,216,321,4,11.75,19685,19732,19469,19516,19411
385,J0444,Brake Component,Drilling,18,159,321,4,4.5,19732,19750,19573,19591,19429
386,J0583,Sensor Housing,Drilling,16,290,321,2,8.0,19750,19766,19460,19476,19445
387,J0907,EV Battery Case,Milling,109,178,321,5,21.8,19766,19875,19588,19697,19554
388,J0804,Gear Box Cover,Drilling,56,163,323,3,18.67,19875,19931,19712,19768,19608
389,J0962,EV Battery Case,Milling,67,158,323,5,13.4,19931,19998,19773,19840,19675
390,J0144,Sensor Housing,Milling,15,284,324,2,7.5,19998,20013,19714,19729,19689
391,J0667,Gear Box Cover,Milling,45,163,324,3,15.0,20013,20058,19850,19895,19734
392,J0849,EV Battery Case,Assembly,88,140,325,5,17.6,20058,20146,19918,20006,19821
393,J0887,EV Battery Case,Assembly,62,238,325,5,12.4,20146,20208,19908,19970,19883
394,J0025,Brake Component,Drilling,15,248,326,4,3.75,20208,20223,19960,19975,19897
395,J0925,Engine Bracket,Grinding,55,209,326,3,18.33,20223,20278,20014,20069,19952
396,J0927,EV Battery Case,Assembly,61,198,327,5,12.2,20278,20339,20080,20141,20012
397,J0342,Sensor Housing,Drilling,8,284,328,2,4.0,20339,20347,20055,20063,20019
398,J0563,Sensor Housing,Milling,15,227,328,1,15.0,20347,20362,20120,20135,20034
399,J0934,Drive Shaft,Lathe,67,189,328,4,16.75,20362,20429,20173,20240,20101
400,J0041,Battery Module Cover,Milling,75,114,329,4,18.75,20429,20504,20315,20390,20175
401,J0338,Brake Component,Drilling,39,231,329,4,9.75,20504,20543,20273,20312,20214
402,J0810,Engine Bracket,Grinding,53,156,329,3,17.67,20543,20596,20387,20440,20267
403,J0857,EV Battery Case,Milling,89,168,329,5,17.8,20596,20685,20428,20517,20356
404,J0383,Battery Module Cover,Milling,50,192,330,4,12.5,20685,20735,20493,20543,20405
405,J0398,Sensor Housing,Drilling,13,265,330,1,13.0,20735,20748,20470,20483,20418
406,J0507,Gear Box Cover,Drilling,64,220,331,3,21.33,20748,20812,20528,20592,20481
407,J0709,Battery Module Cover,Milling,55,130,331,4,13.75,20812,20867,20682,20737,20536
408,J0889,Engine Bracket,Milling,34,239,331,4,8.5,20867,20901,20628,20662,20570
409,J0202,EV Battery Case,Milling,113,191,332,5,22.6,20901,21014,20710,20823,20682
410,J0309,EV Battery Case,Milling,99,113,332,5,19.8,21014,21113,20901,21000,20781
411,J0329,Engine Bracket,Grinding,59,150,332,3,19.67,21113,21172,20963,21022,20840
412,J0722,Engine Bracket,Grinding,79,198,332,3,26.33,21172,21251,20974,21053,20919
413,J0730,Drive Shaft,Lathe,89,155,332,4,22.25,21251,21340,21096,21185,21008
414,J0899,EV Battery Case,Assembly,65,188,332,5,13.0,21340,21405,21152,21217,21073
415,J0964,Gear Box Cover,Milling,71,191,332,3,23.67,21405,21476,21214,21285,21144
416,J0067,Battery Module Cover,Assembly,84,141,333,4,21.0,21476,21560,21335,21419,21227
417,J0630,Gear Box Cover,Drilling,53,202,333,3,17.67,21560,21613,21358,21411,21280
418,J0733,Drive Shaft,Grinding,63,187,333,4,15.75,21613,21676,21426,21489,21343
419,J0270,Gear Box Cover,Drilling,63,122,334,3,21.0,21676,21739,21554,21617,21405
420,J0040,Battery Module Cover,Milling,45,182,335,4,11.25,21739,21784,21557,21602,21449
421,J0212,Drive Shaft,Grinding,97,145,335,4,24.25,21784,21881,21639,21736,21546
422,J0447,Brake Component,Grinding,26,179,336,4,6.5,21881,21907,21702,21728,21571
423,J0603,Drive Shaft,Grinding,66,187,336,4,16.5,21907,21973,21720,21786,21637
424,J0803,Engine Bracket,Milling,39,179,336,3,13.0,21973,22012,21794,21833,21676
425,J0197,Engine Bracket,Grinding,42,224,337,3,14.0,22012,22054,21788,21830,21717
426,J0399,Sensor Housing,Milling,23,248,338,1,23.0,22054,22077,21806,21829,21739
427,J0453,Gear Box Cover,Milling,84,185,339,3,28.0,22077,22161,21892,21976,21822
428,J0892,Sensor Housing,Milling,5,284,339,1,5.0,22161,22166,21877,21882,21827
429,J0324,Sensor Housing,Milling,7,214,341,1,7.0,22166,22173,21952,21959,21832
430,J0127,Drive Shaft,Grinding,96,154,343,4,24.0,22173,22269,22019,22115,21926
431,J0721,Sensor Housing,Milling,11,205,343,1,11.0,22269,22280,22064,22075,21937
432,J0777,Drive Shaft,Lathe,79,124,343,4,19.75,22280,22359,22156,22235,22016
433,J0561,Engine Bracket,Milling,48,249,344,3,16.0,22359,22407,22110,22158,22063
434,J0077,Drive Shaft,Lathe,99,169,345,4,24.75,22407,22506,22238,22337,22161
435,J0322,Brake Component,Drilling,27,263,345,4,6.75,22506,22533,22243,22270,22188
436,J0493,Battery Module Cover,Assembly,46,209,346,4,11.5,22533,22579,22324,22370,22233
437,J0702,Gear Box Cover,Milling,58,182,346,3,19.33,22579,22637,22397,22455,22291
438,J0884,Brake Component,Drilling,44,254,346,4,11.0,22637,22681,22383,22427,22335
439,J0826,Engine Bracket,Grinding,50,197,347,3,16.67,22681,22731,22484,22534,22384
440,J0396,Brake Component,Drilling,44,252,349,4,11.0,22731,22775,22479,22523,22426
441,J0115,Gear Box Cover,Drilling,29,245,350,3,9.67,22775,22804,22530,22559,22454
442,J0392,EV Battery Case,Assembly,74,203,350,5,14.8,22804,22878,22601,22675,22528
443,J0693,EV Battery Case,Milling,87,175,350,5,17.4,22878,22965,22703,22790,22615
444,J0094,Brake Component,Drilling,27,177,351,4,6.75,22965,22992,22788,22815,22641
445,J0229,Gear Box Cover,Drilling,67,188,351,3,22.33,22992,23059,22804,22871,22708
446,J0528,Battery Module Cover,Milling,72,188,351,4,18.0,23059,23131,22871,22943,22780
447,J0219,Drive Shaft,Lathe,68,178,352,4,17.0,23131,23199,22953,23021,22847
448,J0723,Sensor Housing,Milling,7,292,352,1,7.0,23199,23206,22907,22914,22854
449,J0741,Drive Shaft,Lathe,113,113,352,4,28.25,23206,23319,23093,23206,22967
450,J0795,EV Battery Case,Milling,107,194,352,5,21.4,23319,23426,23125,23232,23074
451,J0224,Gear Box Cover,Milling,88,242,353,4,22.0,23426,23514,23184,23272,23161
452,J0790,Sensor Housing,Drilling,10,222,353,1,10.0,23514,23524,23292,23302,23171
453,J0350,Sensor Housing,Milling,18,320,354,2,9.0,23524,23542,23204,23222,23188
454,J0719,Drive Shaft,Grinding,98,242,354,5,19.6,23542,23640,23300,23398,23286
455,J0941,Sensor Housing,Milling,19,284,354,1,19.0,23640,23659,23356,23375,23305
456,J0591,Battery Module Cover,Assembly,76,225,355,4,19.0,23659,23735,23434,23510,23380
457,J0146,EV Battery Case,Milling,79,211,356,5,15.8,23735,23814,23524,23603,23458
458,J0302,Battery Module Cover,Assembly,57,154,356,4,14.25,23814,23871,23660,23717,23515
459,J0587,Engine Bracket,Grinding,53,246,356,3,17.67,23871,23924,23625,23678,23568
460,J0858,Sensor Housing,Drilling,9,220,356,1,9.0,23924,23933,23704,23713,23577
461,J0120,Battery Module Cover,Milling,64,238,357,4,16.0,23933,23997,23695,23759,23640
462,J0220,Brake Component,Drilling,18,196,357,4,4.5,23997,24015,23801,23819,23658
463,J0841,Sensor Housing,Milling,23,221,357,1,23.0,24015,24038,23794,23817,23681
464,J0294,EV Battery Case,Assembly,100,167,358,5,20.0,24038,24138,23871,23971,23780
465,J0455,EV Battery Case,Milling,107,205,358,5,21.4,24138,24245,23933,24040,23887
466,J0763,Sensor Housing,Milling,10,304,358,1,10.0,24245,24255,23941,23951,23897
467,J0296,Brake Component,Grinding,36,219,359,4,9.0,24255,24291,24036,24072,23932
468,J0948,Brake Component,Drilling,17,244,359,4,4.25,24291,24308,24047,24064,23949
469,J0729,Engine Bracket,Grinding,65,202,360,3,21.67,24308,24373,24106,24171,24013
470,J0321,EV Battery Case,Milling,88,175,361,5,17.6,24373,24461,24198,24286,24100
471,J0978,Drive Shaft,Lathe,102,187,361,4,25.5,24461,24563,24274,24376,24202
472,J0228,Battery Module Cover,Milling,76,215,362,4,19.0,24563,24639,24348,24424,24277
473,J0349,Engine Bracket,Milling,57,247,362,3,19.0,24639,24696,24392,24449,24334
474,J0384,Battery Module Cover,Assembly,91,231,362,4,22.75,24696,24787,24465,24556,24425
475,J0406,Battery Module Cover,Milling,46,229,362,4,11.5,24787,24833,24558,24604,24471
476,J0807,Gear Box Cover,Drilling,72,180,362,3,24.0,24833,24905,24653,24725,24543
477,J0520,Sensor Housing,Drilling,16,283,363,1,16.0,24905,24921,24622,24638,24558
478,J0708,Sensor Housing,Drilling,6,302,363,2,3.0,24921,24927,24619,24625,24564
479,J0249,Engine Bracket,Grinding,56,262,364,3,18.67,24927,24983,24665,24721,24619
480,J0411,Drive Shaft,Lathe,110,165,364,4,27.5,24983,25093,24818,24928,24729
481,J0990,EV Battery Case,Assembly,100,127,365,5,20.0,25093,25193,24966,25066,24828
482,J0084,Sensor Housing,Drilling,7,311,366,1,7.0,25193,25200,24882,24889,24834
483,J0380,EV Battery Case,Milling,115,139,366,5,23.0,25200,25315,25061,25176,24949
484,J0421,EV Battery Case,Assembly,76,251,366,5,15.2,25315,25391,25064,25140,25025
485,J0422,Gear Box Cover,Milling,44,262,366,4,11.0,25391,25435,25129,25173,25069
486,J0042,EV Battery Case,Assembly,111,122,367,5,22.2,25435,25546,25313,25424,25179
487,J0138,Battery Module Cover,Assembly,50,241,367,4,12.5,25546,25596,25305,25355,25229
488,J0663,Gear Box Cover,Milling,49,181,367,3,16.33,25596,25645,25415,25464,25278
489,J0458,Engine Bracket,Grinding,42,258,368,3,14.0,25645,25687,25387,25429,25319
490,J0764,Sensor Housing,Milling,21,296,368,2,10.5,25687,25708,25391,25412,25340
491,J0389,Brake Component,Drilling,24,310,369,5,4.8,25708,25732,25398,25422,25363
492,J0850,Battery Module Cover,Assembly,42,275,371,4,10.5,25732,25774,25457,25499,25403
493,J0352,EV Battery Case,Assembly,78,222,372,5,15.6,25774,25852,25552,25630,25480
494,J0496,Brake Component,Grinding,40,187,372,4,10.0,25852,25892,25665,25705,25520
495,J0725,Sensor Housing,Milling,15,247,372,1,15.0,25892,25907,25645,25660,25535
496,J0637,Brake Component,Drilling,27,229,373,4,6.75,25907,25934,25678,25705,25561
497,J0376,Drive Shaft,Lathe,99,159,374,4,24.75,25934,26033,25775,25874,25659
498,J0424,EV Battery Case,Assembly,83,221,374,5,16.6,26033,26116,25812,25895,25742
499,J0684,Battery Module Cover,Milling,70,169,374,4,17.5,26116,26186,25947,26017,25812
500,J0152,EV Battery Case,Milling,92,250,377,5,18.4,26186,26278,25936,26028,25901
501,J0155,Drive Shaft,Grinding,55,282,377,4,13.75,26278,26333,25996,26051,25956
502,J0213,Sensor Housing,Drilling,16,212,378,1,16.0,26333,26349,26121,26137,25971
503,J0426,Sensor Housing,Drilling,9,327,378,2,4.5,26349,26358,26022,26031,25980
504,J0538,EV Battery Case,Milling,112,211,378,5,22.4,26358,26470,26147,26259,26092
505,J0935,Engine Bracket,Grinding,40,267,378,3,13.33,26470,26510,26203,26243,26132
506,J0035,EV Battery Case,Milling,84,245,379,5,16.8,26510,26594,26265,26349,26215
507,J0605,Battery Module Cover,Milling,81,250,379,5,16.2,26594,26675,26344,26425,26296
508,J0837,Drive Shaft,Grinding,96,200,379,4,24.0,26675,26771,26475,26571,26392
509,J0015,Drive Shaft,Lathe,90,174,380,4,22.5,26771,26861,26597,26687,26481
510,J0942,Gear Box Cover,Milling,66,245,380,3,22.0,26861,26927,26616,26682,26547
511,J0044,Sensor Housing,Milling,13,241,382,1,13.0,26927,26940,26686,26699,26558
512,J0627,Engine Bracket,Milling,70,172,382,3,23.33,26940,27010,26768,26838,26628
513,J0982,Gear Box Cover,Milling,48,277,382,3,16.0,27010,27058,26733,26781,26676
514,J0022,Brake Component,Grinding,45,281,383,4,11.25,27058,27103,26777,26822,26720
515,J0245,Drive Shaft,Grinding,78,192,383,4,19.5,27103,27181,26911,26989,26798
516,J0343,Brake Component,Drilling,30,252,383,4,7.5,27181,27211,26929,26959,26828
517,J0622,Brake Component,Drilling,44,287,383,4,11.0,27211,27255,26924,26968,26872
518,J0855,Drive Shaft,Lathe,64,204,383,4,16.0,27255,27319,27051,27115,26936
519,J0865,EV Battery Case,Milling,90,181,383,5,18.0,27319,27409,27138,27228,27026
520,J0029,EV Battery Case,Milling,80,204,385,5,16.0,27409,27489,27205,27285,27104
521,J0168,Engine Bracket,Milling,64,253,385,3,21.33,27489,27553,27236,27300,27168
522,J0353,Battery Module Cover,Assembly,92,148,385,4,23.0,27553,27645,27405,27497,27260
523,J0617,Gear Box Cover,Drilling,61,239,385,3,20.33,27645,27706,27406,27467,27321
524,J0959,Sensor Housing,Drilling,5,347,385,2,2.5,27706,27711,27359,27364,27326
525,J0055,Drive Shaft,Grinding,64,280,386,4,16.0,27711,27775,27431,27495,27389
526,J0483,Gear Box Cover,Drilling,69,234,388,3,23.0,27775,27844,27541,27610,27456
527,J0593,Sensor Housing,Milling,13,332,388,2,6.5,27844,27857,27512,27525,27469
528,J0065,Sensor Housing,Milling,21,231,389,1,21.0,27857,27878,27626,27647,27489
529,J0250,Brake Component,Grinding,34,313,389,4,8.5,27878,27912,27565,27599,27523
530,J0475,Sensor Housing,Drilling,19,336,389,2,9.5,27912,27931,27576,27595,27542
531,J0779,Sensor Housing,Milling,11,316,389,1,11.0,27931,27942,27615,27626,27553
532,J0176,Engine Bracket,Grinding,37,287,390,3,12.33,27942,27979,27655,27692,27589
533,J0726,Drive Shaft,Grinding,62,208,390,4,15.5,27979,28041,27771,27833,27651
534,J0881,Drive Shaft,Grinding,53,291,390,4,13.25,28041,28094,27750,27803,27704
535,J0891,Battery Module Cover,Milling,41,261,390,4,10.25,28094,28135,27833,27874,27745
536,J0140,Gear Box Cover,Milling,54,247,391,3,18.0,28135,28189,27888,27942,27798
537,J0344,Gear Box Cover,Milling,79,251,391,3,26.33,28189,28268,27938,28017,27877
538,J0461,Engine Bracket,Grinding,70,277,391,3,23.33,28268,28338,27991,28061,27947
539,J0495,Gear Box Cover,Drilling,69,271,391,3,23.0,28338,28407,28067,28136,28016
540,J0512,Sensor Housing,Drilling,6,317,391,1,6.0,28407,28413,28090,28096,28022
541,J0514,EV Battery Case,Milling,74,214,391,5,14.8,28413,28487,28199,28273,28096
542,J0769,Brake Component,Grinding,37,274,392,4,9.25,28487,28524,28213,28250,28132
543,J0505,Battery Module Cover,Assembly,66,308,394,5,13.2,28524,28590,28216,28282,28196
544,J0732,Brake Component,Drilling,21,274,394,4,5.25,28590,28611,28316,28337,28217
545,J0776,Gear Box Cover,Milling,53,291,394,3,17.67,28611,28664,28320,28373,28270
546,J0331,Drive Shaft,Grinding,77,218,396,4,19.25,28664,28741,28446,28523,28345
547,J0420,Brake Component,Drilling,23,292,397,4,5.75,28741,28764,28449,28472,28367
548,J0470,Battery Module Cover,Milling,74,244,397,4,18.5,28764,28838,28520,28594,28441
549,J0966,Gear Box Cover,Drilling,60,280,397,3,20.0,28838,28898,28558,28618,28501
550,J0900,EV Battery Case,Milling,64,252,398,5,12.8,28898,28962,28646,28710,28564
551,J0275,Brake Component,Grinding,29,358,399,5,5.8,28962,28991,28604,28633,28592
552,J0434,Drive Shaft,Grinding,52,265,399,4,13.0,28991,29043,28726,28778,28644
553,J0921,Drive Shaft,Lathe,58,306,399,5,11.6,29043,29101,28737,28795,28702
554,J0980,Drive Shaft,Grinding,46,227,399,4,11.5,29101,29147,28874,28920,28748
555,J0004,Gear Box Cover,Milling,87,289,400,4,21.75,29147,29234,28858,28945,28834
556,J0355,Engine Bracket,Milling,66,252,400,3,22.0,29234,29300,28982,29048,28900
557,J0950,Sensor Housing,Milling,13,339,400,1,13.0,29300,29313,28961,28974,28913
558,J0191,Brake Component,Grinding,24,332,401,5,4.8,29313,29337,28981,29005,28936
559,J0260,Brake Component,Grinding,32,265,401,4,8.0,29337,29369,29072,29104,28968
560,J0491,Gear Box Cover,Drilling,49,237,402,3,16.33,29369,29418,29132,29181,29016
561,J0742,Drive Shaft,Grinding,72,273,403,4,18.0,29418,29490,29145,29217,29087
562,J0852,Battery Module Cover,Assembly,53,284,403,4,13.25,29490,29543,29206,29259,29140
563,J0552,EV Battery Case,Milling,66,279,404,5,13.2,29543,29609,29264,29330,29205
564,J0568,Sensor Housing,Drilling,13,334,404,1,13.0,29609,29622,29275,29288,29218
565,J0261,Drive Shaft,Grinding,67,260,405,4,16.75,29622,29689,29362,29429,29284
566,J0685,Drive Shaft,Grinding,96,216,405,4,24.0,29689,29785,29473,29569,29380
567,J0902,Drive Shaft,Lathe,116,197,405,4,29.0,29785,29901,29588,29704,29496
568,J0252,Engine Bracket,Milling,51,298,406,3,17.0,29901,29952,29603,29654,29546
569,J0502,Drive Shaft,Lathe,88,203,406,4,22.0,29952,30040,29749,29837,29634
570,J0354,Gear Box Cover,Drilling,46,257,407,3,15.33,30040,30086,29783,29829,29679
571,J0481,EV Battery Case,Assembly,91,203,407,5,18.2,30086,30177,29883,29974,29770
572,J0166,Drive Shaft,Lathe,76,253,408,4,19.0,30177,30253,29924,30000,29845
573,J0393,EV Battery Case,Milling,85,259,408,5,17.0,30253,30338,29994,30079,29930
574,J0872,Brake Component,Grinding,53,223,408,4,13.25,30338,30391,30115,30168,29983
575,J0879,Gear Box Cover,Milling,41,302,408,3,13.67,30391,30432,30089,30130,30024
576,J0095,Brake Component,Drilling,17,320,409,4,4.25,30432,30449,30112,30129,30040
577,J0285,Gear Box Cover,Milling,62,265,411,3,20.67,30449,30511,30184,30246,30100
578,J0543,Sensor Housing,Drilling,10,289,411,1,10.0,30511,30521,30222,30232,30110
579,J0584,Battery Module Cover,Milling,68,235,411,4,17.0,30521,30589,30286,30354,30178
580,J0618,Engine Bracket,Milling,46,296,411,3,15.33,30589,30635,30293,30339,30224
581,J0737,Drive Shaft,Lathe,108,207,411,4,27.0,30635,30743,30428,30536,30332
582,J0642,Sensor Housing,Drilling,17,312,412,1,17.0,30743,30760,30431,30448,30348
583,J0922,Engine Bracket,Milling,29,373,412,4,7.25,30760,30789,30387,30416,30377
584,J0362,Drive Shaft,Lathe,62,339,413,5,12.4,30789,30851,30450,30512,30438
585,J0484,Engine Bracket,Grinding,55,269,413,3,18.33,30851,30906,30582,30637,30493
586,J0809,Drive Shaft,Grinding,54,263,413,4,13.5,30906,30960,30643,30697,30547
587,J0465,Engine Bracket,Milling,54,302,414,3,18.0,30960,31014,30658,30712,30600
588,J0189,Brake Component,Grinding,40,235,415,4,10.0,31014,31054,30779,30819,30639
589,J0993,Battery Module Cover,Milling,81,287,416,4,20.25,31054,31135,30767,30848,30719
590,J0298,Battery Module Cover,Assembly,62,297,418,4,15.5,31135,31197,30838,30900,30779
591,J0882,EV Battery Case,Milling,65,204,419,5,13.0,31197,31262,30993,31058,30843
592,J0244,Battery Module Cover,Assembly,56,274,420,4,14.0,31262,31318,30988,31044,30898
593,J0746,Brake Component,Drilling,44,356,420,5,8.8,31318,31362,30962,31006,30942
594,J0751,Brake Component,Grinding,34,335,420,4,8.5,31362,31396,31027,31061,30976
595,J0888,Brake Component,Drilling,44,284,420,4,11.0,31396,31440,31112,31156,31020
596,J0070,Gear Box Cover,Drilling,29,343,421,3,9.67,31440,31469,31097,31126,31048
597,J0348,Drive Shaft,Lathe,52,312,421,5,10.4,31469,31521,31157,31209,31100
598,J0832,Gear Box Cover,Milling,37,272,421,3,12.33,31521,31558,31249,31286,31137
599,J0318,Sensor Housing,Milling,13,278,422,1,13.0,31558,31571,31280,31293,31149
600,J0734,Brake Component,Grinding,55,339,424,5,11.0,31571,31626,31232,31287,31202
601,J0464,Brake Component,Drilling,16,304,425,4,4.0,31626,31642,31322,31338,31217
602,J0081,Engine Bracket,Grinding,39,274,426,3,13.0,31642,31681,31368,31407,31255
603,J0970,EV Battery Case,Milling,105,209,426,5,21.0,31681,31786,31472,31577,31360
604,J0001,Engine Bracket,Milling,50,333,427,4,12.5,31786,31836,31453,31503,31409
605,J0754,Drive Shaft,Lathe,117,269,427,5,23.4,31836,31953,31567,31684,31526
606,J0988,Brake Component,Grinding,21,346,427,4,5.25,31953,31974,31607,31628,31547
607,J0222,Gear Box Cover,Drilling,28,311,428,3,9.33,31974,32002,31663,31691,31574
608,J0351,EV Battery Case,Milling,76,242,428,5,15.2,32002,32078,31760,31836,31650
609,J0500,Sensor Housing,Milling,16,291,428,1,16.0,32078,32094,31787,31803,31666
610,J0161,EV Battery Case,Assembly,90,269,430,5,18.0,32094,32184,31825,31915,31754
611,J0230,Brake Component,Drilling,15,316,430,4,3.75,32184,32199,31868,31883,31769
612,J0341,Drive Shaft,Grinding,70,253,430,4,17.5,32199,32269,31946,32016,31839
613,J0388,Engine Bracket,Milling,59,283,430,3,19.67,32269,32328,31986,32045,31898
614,J0515,Sensor Housing,Milling,17,345,430,1,17.0,32328,32345,31983,32000,31915
615,J0752,Brake Component,Grinding,29,372,432,5,5.8,32345,32374,31973,32002,31942
616,J0960,Gear Box Cover,Milling,39,244,432,3,13.0,32374,32413,32130,32169,31981
617,J0532,Engine Bracket,Milling,49,363,433,4,12.25,32413,32462,32050,32099,32029
618,J0877,Sensor Housing,Drilling,15,319,433,1,15.0,32462,32477,32143,32158,32044
619,J0438,Battery Module Cover,Assembly,62,266,434,4,15.5,32477,32539,32211,32273,32105
620,J0454,EV Battery Case,Milling,100,223,435,5,20.0,32539,32639,32316,32416,32204
621,J0218,Drive Shaft,Grinding,56,293,436,4,14.0,32639,32695,32346,32402,32259
622,J0683,Engine Bracket,Milling,45,352,436,4,11.25,32695,32740,32343,32388,32304
623,J0700,Drive Shaft,Lathe,91,195,436,4,22.75,32740,32831,32545,32636,32395
624,J0061,Battery Module Cover,Assembly,95,225,437,4,23.75,32831,32926,32606,32701,32489
625,J0703,Battery Module Cover,Milling,63,339,437,5,12.6,32926,32989,32587,32650,32552
626,J0259,EV Battery Case,Assembly,60,313,438,5,12.0,32989,33049,32676,32736,32611
627,J0313,Drive Shaft,Lathe,73,328,438,5,14.6,33049,33122,32721,32794,32684
628,J0590,Brake Component,Grinding,55,297,438,4,13.75,33122,33177,32825,32880,32739
629,J0786,Engine Bracket,Milling,63,325,438,4,15.75,33177,33240,32852,32915,32802
630,J0010,Gear Box Cover,Drilling,54,299,439,3,18.0,33240,33294,32941,32995,32855
631,J0821,EV Battery Case,Assembly,110,272,439,5,22.0,33294,33404,33022,33132,32965
632,J0092,EV Battery Case,Milling,97,253,440,5,19.4,33404,33501,33151,33248,33061
633,J0770,Gear Box Cover,Milling,45,291,440,3,15.0,33501,33546,33210,33255,33106
634,J0823,Drive Shaft,Grinding,51,300,440,4,12.75,33546,33597,33246,33297,33157
635,J0299,EV Battery Case,Milling,97,283,441,5,19.4,33597,33694,33314,33411,33253
636,J0717,Gear Box Cover,Drilling,50,269,441,3,16.67,33694,33744,33425,33475,33303
637,J0938,Gear Box Cover,Drilling,40,328,441,3,13.33,33744,33784,33416,33456,33343
638,J0011,Engine Bracket,Milling,36,357,443,3,12.0,33784,33820,33427,33463,33377
639,J0836,Drive Shaft,Lathe,101,201,443,4,25.25,33820,33921,33619,33720,33478
640,J0979,Drive Shaft,Lathe,57,319,443,4,14.25,33921,33978,33602,33659,33535
641,J0090,Sensor Housing,Milling,5,375,444,1,5.0,33978,33983,33603,33608,33539
642,J0320,Gear Box Cover,Milling,80,243,444,3,26.67,33983,34063,33740,33820,33619
643,J0468,Battery Module Cover,Milling,64,312,444,4,16.0,34063,34127,33751,33815,33683
644,J0710,Gear Box Cover,Milling,68,325,444,3,22.67,34127,34195,33802,33870,33751
645,J0066,Sensor Housing,Drilling,15,313,445,1,15.0,34195,34210,33882,33897,33765
646,J0606,Engine Bracket,Milling,47,281,445,3,15.67,34210,34257,33929,33976,33812
647,J0033,Sensor Housing,Milling,11,314,446,1,11.0,34257,34268,33943,33954,33822
648,J0248,Drive Shaft,Grinding,45,382,446,5,9.0,34268,34313,33886,33931,33867
649,J0765,Drive Shaft,Lathe,103,295,447,4,25.75,34313,34416,34018,34121,33969
650,J0301,Brake Component,Grinding,49,329,448,4,12.25,34416,34465,34087,34136,34017
651,J0469,Drive Shaft,Grinding,70,280,448,4,17.5,34465,34535,34185,34255,34087
652,J0567,Gear Box Cover,Milling,85,278,448,3,28.33,34535,34620,34257,34342,34172
653,J0623,EV Battery Case,Assembly,109,218,448,5,21.8,34620,34729,34402,34511,34281
654,J0167,EV Battery Case,Assembly,74,238,449,5,14.8,34729,34803,34491,34565,34354
655,J0694,Brake Component,Grinding,42,364,449,5,8.4,34803,34845,34439,34481,34396
656,J0288,Sensor Housing,Milling,14,390,450,1,14.0,34845,34859,34455,34469,34409
657,J0531,EV Battery Case,Milling,56,336,450,5,11.2,34859,34915,34523,34579,34465
658,J0731,EV Battery Case,Milling,109,276,450,5,21.8,34915,35024,34639,34748,34574
659,J0410,Sensor Housing,Milling,14,301,452,1,14.0,35024,35038,34723,34737,34586
660,J0012,Battery Module Cover,Milling,68,253,454,4,17.0,35038,35106,34785,34853,34652
661,J0715,Brake Component,Drilling,42,364,454,4,10.5,35106,35148,34742,34784,34694
662,J0961,Drive Shaft,Grinding,72,318,454,4,18.0,35148,35220,34830,34902,34766
663,J0633,Battery Module Cover,Assembly,59,297,455,4,14.75,35220,35279,34923,34982,34824
664,J0894,Engine Bracket,Grinding,55,343,455,4,13.75,35279,35334,34936,34991,34879
665,J0246,Brake Component,Grinding,41,391,456,5,8.2,35334,35375,34943,34984,34919
666,J0697,Drive Shaft,Grinding,106,292,456,4,26.5,35375,35481,35083,35189,35025
667,J0851,Gear Box Cover,Milling,53,322,457,3,17.67,35481,35534,35159,35212,35077
668,J0147,Gear Box Cover,Drilling,46,385,458,4,11.5,35534,35580,35149,35195,35122
669,J0577,Battery Module Cover,Assembly,49,352,458,4,12.25,35580,35629,35228,35277,35171
670,J0415,Sensor Housing,Drilling,9,398,459,1,9.0,35629,35638,35231,35240,35179
671,J0649,Battery Module Cover,Assembly,82,308,459,4,20.5,35638,35720,35330,35412,35261
672,J0256,Sensor Housing,Drilling,19,308,460,1,19.0,35720,35739,35412,35431,35279
673,J0595,Battery Module Cover,Assembly,87,262,461,4,21.75,35739,35826,35477,35564,35365
674,J0688,Battery Module Cover,Milling,79,312,461,4,19.75,35826,35905,35514,35593,35444
675,J0621,Battery Module Cover,Milling,57,291,462,4,14.25,35905,35962,35614,35671,35500
676,J0474,Brake Component,Grinding,23,395,463,5,4.6,35962,35985,35567,35590,35522
677,J0546,Battery Module Cover,Assembly,55,348,463,5,11.0,35985,36040,35637,35692,35577
678,J0314,Engine Bracket,Grinding,70,358,464,4,17.5,36040,36110,35682,35752,35646
679,J0589,Brake Component,Drilling,36,378,464,4,9.0,36110,36146,35732,35768,35682
680,J0566,Battery Module Cover,Milling,41,330,466,4,10.25,36146,36187,35816,35857,35721
681,J0748,EV Battery Case,Milling,100,287,466,5,20.0,36187,36287,35900,36000,35821
682,J0105,Brake Component,Grinding,40,368,467,4,10.0,36287,36327,35919,35959,35860
683,J0378,Drive Shaft,Grinding,105,346,468,5,21.0,36327,36432,35981,36086,35964
684,J0680,Engine Bracket,Milling,39,374,468,4,9.75,36432,36471,36058,36097,36003
685,J0718,EV Battery Case,Assembly,66,303,468,5,13.2,36471,36537,36168,36234,36069
686,J0043,EV Battery Case,Assembly,72,265,470,5,14.4,36537,36609,36272,36344,36139
687,J0513,Sensor Housing,Milling,23,437,470,2,11.5,36609,36632,36172,36195,36162
688,J0896,Gear Box Cover,Milling,42,362,470,3,14.0,36632,36674,36270,36312,36204
689,J0116,EV Battery Case,Assembly,99,323,471,5,19.8,36674,36773,36351,36450,36302
690,J0205,Brake Component,Grinding,36,396,472,4,9.0,36773,36809,36377,36413,36337
691,J0958,Brake Component,Drilling,24,383,472,4,6.0,36809,36833,36426,36450,36361
692,J0063,Sensor Housing,Milling,15,349,475,1,15.0,36833,36848,36484,36499,36373
693,J0124,Sensor Housing,Milling,9,382,477,1,9.0,36848,36857,36466,36475,36380
694,J0216,EV Battery Case,Assembly,85,295,478,5,17.0,36857,36942,36562,36647,36464
695,J0357,Sensor Housing,Milling,17,370,478,1,17.0,36942,36959,36572,36589,36481
696,J0928,Sensor Housing,Milling,16,343,478,1,16.0,36959,36975,36616,36632,36497
697,J0369,Sensor Housing,Drilling,11,458,479,2,5.5,36975,36986,36517,36528,36507
698,J0544,Gear Box Cover,Drilling,52,343,479,3,17.33,36986,37038,36643,36695,36559
699,J0853,Engine Bracket,Milling,39,398,479,4,9.75,37038,37077,36640,36679,36598
700,J0273,Engine Bracket,Milling,50,318,480,3,16.67,37077,37127,36759,36809,36647
701,J0695,Engine Bracket,Grinding,34,321,480,3,11.33,37127,37161,36806,36840,36681
702,J0897,Drive Shaft,Grinding,59,313,481,4,14.75,37161,37220,36848,36907,36739
703,J0328,Brake Component,Grinding,55,369,482,4,13.75,37220,37275,36851,36906,36793
704,J0918,Battery Module Cover,Milling,74,351,482,5,14.8,37275,37349,36924,36998,36867
705,J0023,EV Battery Case,Milling,110,281,484,5,22.0,37349,37459,37068,37178,36975
706,J0038,Engine Bracket,Milling,69,278,484,3,23.0,37459,37528,37181,37250,37044
707,J0736,Sensor Housing,Drilling,12,407,484,1,12.0,37528,37540,37121,37133,37056
708,J0957,Sensor Housing,Drilling,11,435,484,2,5.5,37540,37551,37105,37116,37067
709,J0612,Gear Box Cover,Drilling,27,409,485,3,9.0,37551,37578,37142,37169,37093
710,J0016,Gear Box Cover,Drilling,29,430,486,4,7.25,37578,37607,37148,37177,37121
711,J0178,Gear Box Cover,Milling,38,361,486,3,12.67,37607,37645,37246,37284,37159
712,J0487,Brake Component,Grinding,44,297,486,4,11.0,37645,37689,37348,37392,37203
713,J0156,EV Battery Case,Assembly,74,291,487,5,14.8,37689,37763,37398,37472,37276
714,J0880,Gear Box Cover,Drilling,61,299,487,3,20.33,37763,37824,37464,37525,37337
715,J0917,Drive Shaft,Grinding,100,366,487,5,20.0,37824,37924,37458,37558,37437
716,J0706,Engine Bracket,Grinding,63,338,488,3,21.0,37924,37987,37586,37649,37499
717,J0125,Brake Component,Grinding,27,360,490,4,6.75,37987,38014,37627,37654,37524
718,J0687,EV Battery Case,Assembly,117,325,490,5,23.4,38014,38131,37689,37806,37641
719,J0761,Gear Box Cover,Milling,56,380,490,3,18.67,38131,38187,37751,37807,37697
720,J0956,Drive Shaft,Lathe,52,306,490,4,13.0,38187,38239,37881,37933,37749
721,J0327,Brake Component,Drilling,44,397,491,5,8.8,38239,38283,37842,37886,37792
722,J0047,Engine Bracket,Milling,55,319,492,3,18.33,38283,38338,37964,38019,37846
723,J0134,Engine Bracket,Milling,48,401,492,3,16.0,38338,38386,37937,37985,37894
724,J0390,Gear Box Cover,Milling,51,300,492,3,17.0,38386,38437,38086,38137,37945
725,J0987,Engine Bracket,Grinding,52,360,492,3,17.33,38437,38489,38077,38129,37997
726,J0436,Gear Box Cover,Milling,90,340,493,3,30.0,38489,38579,38149,38239,38086
727,J0799,Sensor Housing,Drilling,17,432,493,1,17.0,38579,38596,38147,38164,38103
728,J0333,Gear Box Cover,Drilling,52,319,495,3,17.33,38596,38648,38277,38329,38153
729,J0446,Engine Bracket,Milling,63,326,495,3,21.0,38648,38711,38322,38385,38216
730,J0497,Engine Bracket,Milling,32,335,495,3,10.67,38711,38743,38376,38408,38248
731,J0101,Gear Box Cover,Drilling,57,335,496,3,19.0,38743,38800,38408,38465,38304
732,J0364,Brake Component,Grinding,55,363,496,4,13.75,38800,38855,38437,38492,38359
733,J0955,Drive Shaft,Lathe,97,336,496,4,24.25,38855,38952,38519,38616,38456
734,J0904,Sensor Housing,Milling,6,366,497,1,6.0,38952,38958,38586,38592,38461
735,J0965,EV Battery Case,Assembly,69,311,497,5,13.8,38958,39027,38647,38716,38530
736,J0112,Sensor Housing,Drilling,7,383,498,1,7.0,39027,39034,38644,38651,38536
737,J0610,Brake Component,Grinding,44,428,498,5,8.8,39034,39078,38606,38650,38580
738,J0860,Gear Box Cover,Milling,53,388,498,4,13.25,39078,39131,38690,38743,38633
739,J0056,Sensor Housing,Milling,21,383,499,1,21.0,39131,39152,38748,38769,38653
740,J0382,Drive Shaft,Grinding,46,425,500,5,9.2,39152,39198,38727,38773,38698
741,J0699,Brake Component,Drilling,19,420,501,4,4.75,39198,39217,38778,38797,38716
742,J0806,Battery Module Cover,Assembly,40,436,501,5,8.0,39217,39257,38781,38821,38756
743,J0157,Drive Shaft,Grinding,61,320,502,4,15.25,39257,39318,38937,38998,38816
744,J0284,Engine Bracket,Grinding,48,316,504,3,16.0,39318,39366,39002,39050,38862
745,J0215,Brake Component,Drilling,28,461,506,5,5.6,39366,39394,38905,38933,38888
746,J0569,Drive Shaft,Lathe,53,396,507,4,13.25,39394,39447,38998,39051,38940
747,J0286,Gear Box Cover,Milling,69,289,508,3,23.0,39447,39516,39158,39227,39008
748,J0387,Brake Component,Grinding,55,350,508,4,13.75,39516,39571,39166,39221,39063
749,J0401,Battery Module Cover,Assembly,56,431,509,5,11.2,39571,39627,39140,39196,39118
750,J0555,Engine Bracket,Milling,33,351,509,3,11.0,39627,39660,39276,39309,39151
751,J0551,Gear Box Cover,Milling,66,390,510,4,16.5,39660,39726,39270,39336,39216
752,J0646,Engine Bracket,Milling,51,314,511,3,17.0,39726,39777,39412,39463,39266
753,J0660,Sensor Housing,Milling,7,413,511,1,7.0,39777,39784,39364,39371,39273
754,J0998,Engine Bracket,Grinding,56,382,511,3,18.67,39784,39840,39402,39458,39329
755,J0368,Gear Box Cover,Milling,65,394,512,3,21.67,39840,39905,39446,39511,39393
756,J0619,Sensor Housing,Milling,19,448,512,1,19.0,39905,39924,39457,39476,39412
757,J0395,Engine Bracket,Grinding,55,399,513,3,18.33,39924,39979,39525,39580,39466
758,J0644,Drive Shaft,Grinding,108,306,513,4,27.0,39979,40087,39673,39781,39574
759,J0148,Battery Module Cover,Milling,43,351,514,4,10.75,40087,40130,39736,39779,39616
760,J0002,Sensor Housing,Drilling,6,465,515,1,6.0,40130,40136,39665,39671,39621
761,J0027,Battery Module Cover,Milling,43,353,515,4,10.75,40136,40179,39783,39826,39664
762,J0269,Drive Shaft,Lathe,70,382,516,4,17.5,40179,40249,39797,39867,39733
763,J0582,EV Battery Case,Assembly,117,371,516,5,23.4,40249,40366,39878,39995,39850
764,J0991,Brake Component,Grinding,39,332,516,4,9.75,40366,40405,40034,40073,39889
765,J0231,Brake Component,Grinding,49,428,517,5,9.8,40405,40454,39977,40026,39937
766,J0330,Brake Component,Grinding,42,401,517,4,10.5,40454,40496,40053,40095,39979
767,J0834,Sensor Housing,Milling,24,347,517,1,24.0,40496,40520,40149,40173,40003
768,J0180,Sensor Housing,Drilling,12,415,518,1,12.0,40520,40532,40105,40117,40014
769,J0682,Brake Component,Drilling,28,404,518,4,7.0,40532,40560,40128,40156,40042
770,J0870,Engine Bracket,Grinding,38,435,519,4,9.5,40560,40598,40125,40163,40079
771,J0911,EV Battery Case,Milling,55,394,519,5,11.0,40598,40653,40204,40259,40134
772,J0257,Gear Box Cover,Milling,45,462,520,4,11.25,40653,40698,40191,40236,40178
773,J0657,Brake Component,Drilling,26,398,520,4,6.5,40698,40724,40300,40326,40204
774,J0653,Drive Shaft,Grinding,64,321,521,4,16.0,40724,40788,40403,40467,40267
775,J0655,Battery Module Cover,Assembly,75,398,521,5,15.0,40788,40863,40390,40465,40342
776,J0861,Battery Module Cover,Assembly,68,398,521,5,13.6,40863,40931,40465,40533,40410
777,J0110,Engine Bracket,Milling,49,427,522,3,16.33,40931,40980,40504,40553,40458
778,J0247,Brake Component,Drilling,24,419,522,4,6.0,40980,41004,40561,40585,40482
779,J0235,Gear Box Cover,Milling,36,438,523,4,9.0,41004,41040,40566,40602,40517
780,J0547,Engine Bracket,Milling,47,383,523,3,15.67,41040,41087,40657,40704,40564
781,J0829,Sensor Housing,Milling,13,387,524,1,13.0,41087,41100,40700,40713,40576
782,J0608,Gear Box Cover,Milling,88,297,526,3,29.33,41100,41188,40803,40891,40662
783,J0915,Brake Component,Grinding,53,353,526,4,13.25,41188,41241,40835,40888,40715
784,J0439,Sensor Housing,Milling,16,365,527,1,16.0,41241,41257,40876,40892,40730
785,J0139,Engine Bracket,Grinding,77,378,528,3,25.67,41257,41334,40879,40956,40806
786,J0174,Sensor Housing,Drilling,17,429,528,1,17.0,41334,41351,40905,40922,40823
787,J0306,Gear Box Cover,Milling,44,406,528,3,14.67,41351,41395,40945,40989,40867
788,J0372,Drive Shaft,Lathe,107,375,528,4,26.75,41395,41502,41020,41127,40974
789,J0549,Gear Box Cover,Drilling,46,354,528,3,15.33,41502,41548,41148,41194,41020
790,J0317,Drive Shaft,Lathe,91,398,530,5,18.2,41548,41639,41150,41241,41109
791,J0796,Brake Component,Grinding,47,405,530,4,11.75,41639,41686,41234,41281,41156
792,J0929,Sensor Housing,Milling,7,463,530,2,3.5,41686,41693,41223,41230,41163
793,J0334,Engine Bracket,Milling,44,437,531,3,14.67,41693,41737,41256,41300,41206
794,J0817,Engine Bracket,Milling,43,395,531,3,14.33,41737,41780,41342,41385,41249
795,J0200,Battery Module Cover,Assembly,81,413,533,5,16.2,41780,41861,41367,41448,41328
796,J0300,Gear Box Cover,Drilling,69,395,533,3,23.0,41861,41930,41466,41535,41397
797,J0691,Battery Module Cover,Milling,78,330,533,4,19.5,41930,42008,41600,41678,41475
798,J0017,Gear Box Cover,Milling,38,374,534,3,12.67,42008,42046,41634,41672,41512
799,J0370,Gear Box Cover,Milling,35,350,534,3,11.67,42046,42081,41696,41731,41547
800,J0783,Drive Shaft,Lathe,69,408,534,4,17.25,42081,42150,41673,41742,41616
801,J0359,Brake Component,Grinding,23,403,535,4,5.75,42150,42173,41747,41770,41638
802,J0658,EV Battery Case,Milling,68,325,535,5,13.6,42173,42241,41848,41916,41706
803,J0074,EV Battery Case,Assembly,70,361,536,5,14.0,42241,42311,41880,41950,41775
804,J0255,EV Battery Case,Milling,80,415,536,5,16.0,42311,42391,41896,41976,41855
805,J0452,Gear Box Cover,Drilling,63,429,536,3,21.0,42391,42454,41962,42025,41918
806,J0482,Brake Component,Grinding,37,446,537,4,9.25,42454,42491,42008,42045,41954
807,J0628,Gear Box Cover,Drilling,40,414,538,3,13.33,42491,42531,42077,42117,41993
808,J0690,EV Battery Case,Assembly,118,366,538,5,23.6,42531,42649,42165,42283,42111
809,J0111,Drive Shaft,Lathe,118,348,539,4,29.5,42649,42767,42301,42419,42228
810,J0237,Engine Bracket,Milling,68,403,539,3,22.67,42767,42835,42364,42432,42296
811,J0007,Battery Module Cover,Milling,70,417,540,4,17.5,42835,42905,42418,42488,42365
812,J0198,Brake Component,Drilling,24,452,540,4,6.0,42905,42929,42453,42477,42389
813,J0290,EV Battery Case,Assembly,91,303,540,5,18.2,42929,43020,42626,42717,42480
814,J0459,Brake Component,Grinding,45,397,540,4,11.25,43020,43065,42623,42668,42525
815,J0516,Gear Box Cover,Drilling,50,448,540,3,16.67,43065,43115,42617,42667,42575
816,J0632,Drive Shaft,Grinding,54,471,540,5,10.8,43115,43169,42644,42698,42629
817,J0686,Gear Box Cover,Milling,59,389,540,3,19.67,43169,43228,42780,42839,42688
818,J0954,Engine Bracket,Milling,49,411,541,3,16.33,43228,43277,42817,42866,42736
819,J0571,Drive Shaft,Lathe,63,401,543,4,15.75,43277,43340,42876,42939,42797
820,J0018,Battery Module Cover,Milling,53,366,544,4,13.25,43340,43393,42974,43027,42849
821,J0039,Battery Module Cover,Milling,76,442,544,5,15.2,43393,43469,42951,43027,42925
822,J0223,Sensor Housing,Milling,25,402,546,1,25.0,43469,43494,43067,43092,42948
823,J0445,Sensor Housing,Milling,8,474,546,1,8.0,43494,43502,43020,43028,42956
824,J0524,Brake Component,Grinding,49,428,547,4,12.25,43502,43551,43074,43123,43004
825,J0650,Drive Shaft,Grinding,106,390,547,5,21.2,43551,43657,43161,43267,43110
826,J0713,Engine Bracket,Milling,70,385,547,3,23.33,43657,43727,43272,43342,43180
827,J0088,Engine Bracket,Grinding,63,388,548,3,21.0,43727,43790,43339,43402,43242
828,J0366,Drive Shaft,Lathe,113,290,548,4,28.25,43790,43903,43500,43613,43355
829,J0386,EV Battery Case,Assembly,78,426,550,5,15.6,43903,43981,43477,43555,43431
830,J0485,Drive Shaft,Grinding,45,402,550,4,11.25,43981,44026,43579,43624,43476
831,J0499,Battery Module Cover,Assembly,72,457,550,5,14.4,44026,44098,43569,43641,43548
832,J0670,Brake Component,Grinding,28,479,550,4,7.0,44098,44126,43619,43647,43576
833,J0773,Sensor Housing,Milling,8,482,550,2,4.0,44126,44134,43644,43652,43584
834,J0014,Brake Component,Grinding,29,477,551,4,7.25,44134,44163,43657,43686,43612
835,J0119,Drive Shaft,Lathe,77,345,552,4,19.25,44163,44240,43818,43895,43688
836,J0669,EV Battery Case,Milling,57,399,552,5,11.4,44240,44297,43841,43898,43745
837,J0106,Engine Bracket,Milling,27,422,554,3,9.0,44297,44324,43875,43902,43770
838,J0312,Drive Shaft,Grinding,74,341,554,4,18.5,44324,44398,43983,44057,43844
839,J0772,Brake Component,Drilling,38,446,554,4,9.5,44398,44436,43952,43990,43882
840,J0478,Drive Shaft,Lathe,85,420,557,4,21.25,44436,44521,44016,44101,43964
841,J0949,EV Battery Case,Assembly,64,413,557,5,12.8,44521,44585,44108,44172,44028
842,J0476,EV Battery Case,Milling,77,376,559,5,15.4,44585,44662,44209,44286,44103
843,J0045,Battery Module Cover,Milling,63,413,560,4,15.75,44662,44725,44249,44312,44165
844,J0522,Drive Shaft,Lathe,93,412,560,5,18.6,44725,44818,44313,44406,44258
845,J0243,Sensor Housing,Milling,25,439,561,1,25.0,44818,44843,44379,44404,44282
846,J0624,Sensor Housing,Drilling,14,406,561,1,14.0,44843,44857,44437,44451,44296
847,J0664,Gear Box Cover,Drilling,44,450,561,3,14.67,44857,44901,44407,44451,44340
848,J0867,Brake Component,Grinding,46,460,561,5,9.2,44901,44947,44441,44487,44386
849,J0983,Drive Shaft,Lathe,97,376,561,4,24.25,44947,45044,44571,44668,44483
850,J0052,Gear Box Cover,Drilling,50,380,562,3,16.67,45044,45094,44664,44714,44532
851,J0648,Battery Module Cover,Assembly,62,416,562,4,15.5,45094,45156,44678,44740,44594
852,J0755,Engine Bracket,Milling,56,455,562,3,18.67,45156,45212,44701,44757,44650
853,J0185,Battery Module Cover,Assembly,41,422,563,4,10.25,45212,45253,44790,44831,44690
854,J0413,EV Battery Case,Assembly,118,346,563,5,23.6,45253,45371,44907,45025,44808
855,J0021,Brake Component,Grinding,45,469,564,4,11.25,45371,45416,44902,44947,44852
856,J0379,Engine Bracket,Milling,65,410,564,3,21.67,45416,45481,45006,45071,44917
857,J0431,EV Battery Case,Assembly,116,311,564,5,23.2,45481,45597,45170,45286,45033
858,J0262,Drive Shaft,Lathe,111,366,565,4,27.75,45597,45708,45231,45342,45143
859,J0443,Brake Component,Drilling,22,495,566,5,4.4,45708,45730,45213,45235,45164
860,J0596,Sensor Housing,Drilling,7,409,566,1,7.0,45730,45737,45321,45328,45171
861,J0856,Gear Box Cover,Milling,77,444,568,3,25.67,45737,45814,45293,45370,45246
862,J0672,Engine Bracket,Milling,57,376,569,3,19.0,45814,45871,45438,45495,45302
863,J0952,Drive Shaft,Lathe,110,351,569,4,27.5,45871,45981,45520,45630,45412
864,J0078,Battery Module Cover,Assembly,47,470,570,4,11.75,45981,46028,45511,45558,45458
865,J0674,Drive Shaft,Grinding,87,458,570,5,17.4,46028,46115,45570,45657,45545
866,J0137,Battery Module Cover,Assembly,81,445,572,4,20.25,46115,46196,45670,45751,45624
867,J0280,EV Battery Case,Assembly,112,384,572,5,22.4,46196,46308,45812,45924,45736
868,J0724,Gear Box Cover,Milling,89,385,572,3,29.67,46308,46397,45923,46012,45825
869,J0838,Engine Bracket,Milling,70,446,573,4,17.5,46397,46467,45951,46021,45894
870,J0108,Battery Module Cover,Assembly,92,351,574,4,23.0,46467,46559,46116,46208,45985
871,J0271,Drive Shaft,Grinding,105,429,574,4,26.25,46559,46664,46130,46235,46090
872,J0490,Gear Box Cover,Drilling,59,396,574,3,19.67,46664,46723,46268,46327,46149
873,J0602,Gear Box Cover,Milling,74,446,574,3,24.67,46723,46797,46277,46351,46223
874,J0020,Gear Box Cover,Milling,48,393,575,3,16.0,46797,46845,46404,46452,46270
875,J0182,Engine Bracket,Milling,29,460,575,3,9.67,46845,46874,46385,46414,46299
876,J0747,EV Battery Case,Milling,73,388,575,5,14.6,46874,46947,46486,46559,46372
877,J0565,EV Battery Case,Milling,60,382,576,5,12.0,46947,47007,46565,46625,46431
878,J0586,EV Battery Case,Assembly,106,346,576,5,21.2,47007,47113,46661,46767,46537
879,J0953,Drive Shaft,Lathe,113,340,576,4,28.25,47113,47226,46773,46886,46650
880,J0291,Battery Module Cover,Milling,71,483,577,5,14.2,47226,47297,46743,46814,46720
881,J0123,Engine Bracket,Grinding,43,469,578,3,14.33,47297,47340,46828,46871,46762
882,J0188,EV Battery Case,Milling,107,354,578,5,21.4,47340,47447,46986,47093,46869
883,J0488,Engine Bracket,Grinding,68,429,578,3,22.67,47447,47515,47018,47086,46937
884,J0905,Drive Shaft,Lathe,105,410,578,4,26.25,47515,47620,47105,47210,47042
885,J0187,EV Battery Case,Milling,63,475,579,5,12.6,47620,47683,47145,47208,47104
886,J0441,EV Battery Case,Assembly,78,446,580,5,15.6,47683,47761,47237,47315,47181
887,J0440,EV Battery Case,Milling,104,364,581,5,20.8,47761,47865,47397,47501,47284
888,J0883,Drive Shaft,Lathe,110,354,581,4,27.5,47865,47975,47511,47621,47394
889,J0480,Drive Shaft,Lathe,102,445,583,5,20.4,47975,48077,47530,47632,47494
890,J0527,Brake Component,Grinding,28,482,583,4,7.0,48077,48105,47595,47623,47522
891,J0613,Brake Component,Grinding,50,495,583,5,10.0,48105,48155,47610,47660,47572
892,J0626,Engine Bracket,Milling,47,446,584,3,15.67,48155,48202,47709,47756,47618
893,J0797,Gear Box Cover,Milling,42,449,584,3,14.0,48202,48244,47753,47795,47660
894,J0735,Sensor Housing,Milling,18,487,586,1,18.0,48244,48262,47757,47775,47676
895,J0831,Drive Shaft,Grinding,81,435,589,4,20.25,48262,48343,47827,47908,47754
896,J0136,Brake Component,Drilling,16,477,590,4,4.0,48343,48359,47866,47882,47769
897,J0374,Gear Box Cover,Drilling,67,477,590,3,22.33,48359,48426,47882,47949,47836
898,J0716,Drive Shaft,Lathe,92,440,590,5,18.4,48426,48518,47986,48078,47928
899,J0767,Engine Bracket,Milling,66,447,591,3,22.0,48518,48584,48071,48137,47993
900,J0814,Drive Shaft,Grinding,49,485,591,4,12.25,48584,48633,48099,48148,48042
901,J0875,Gear Box Cover,Milling,35,416,591,3,11.67,48633,48668,48217,48252,48077
902,J0895,Brake Component,Drilling,20,424,591,4,5.0,48668,48688,48244,48264,48097
903,J0305,Engine Bracket,Milling,35,492,592,3,11.67,48688,48723,48196,48231,48131
904,J0504,Battery Module Cover,Milling,76,458,592,4,19.0,48723,48799,48265,48341,48207
905,J0186,Drive Shaft,Grinding,94,404,593,4,23.5,48799,48893,48395,48489,48300
906,J0277,EV Battery Case,Milling,67,418,593,5,13.4,48893,48960,48475,48542,48367
907,J0403,Engine Bracket,Grinding,61,484,593,3,20.33,48960,49021,48476,48537,48428
908,J0756,Brake Component,Grinding,37,442,593,4,9.25,49021,49058,48579,48616,48465
909,J0739,Sensor Housing,Milling,9,441,594,1,9.0,49058,49067,48617,48626,48473
910,J0051,Drive Shaft,Grinding,56,410,598,4,14.0,49067,49123,48657,48713,48525
911,J0560,Brake Component,Grinding,45,425,598,4,11.25,49123,49168,48698,48743,48570
912,J0121,Battery Module Cover,Assembly,59,500,599,5,11.8,49168,49227,48668,48727,48628
913,J0479,Drive Shaft,Grinding,79,401,600,4,19.75,49227,49306,48826,48905,48706
914,J0492,Drive Shaft,Grinding,102,485,601,5,20.4,49306,49408,48821,48923,48807
915,J0840,Brake Component,Grinding,24,473,601,4,6.0,49408,49432,48935,48959,48831
916,J0873,Gear Box Cover,Milling,86,458,601,3,28.67,49432,49518,48974,49060,48917
917,J0989,Gear Box Cover,Drilling,32,492,601,3,10.67,49518,49550,49026,49058,48949
918,J0295,Gear Box Cover,Milling,62,454,603,3,20.67,49550,49612,49096,49158,49009
919,J0812,Engine Bracket,Milling,28,448,603,3,9.33,49612,49640,49164,49192,49037
920,J0226,Brake Component,Drilling,16,452,604,4,4.0,49640,49656,49188,49204,49052
921,J0511,Sensor Housing,Milling,12,455,604,1,12.0,49656,49668,49201,49213,49064
922,J0936,EV Battery Case,Assembly,78,389,604,5,15.6,49668,49746,49279,49357,49142
923,J0050,EV Battery Case,Assembly,90,455,605,5,18.0,49746,49836,49291,49381,49231
924,J0073,Brake Component,Drilling,27,453,605,4,6.75,49836,49863,49383,49410,49258
925,J0293,EV Battery Case,Assembly,91,403,605,5,18.2,49863,49954,49460,49551,49349
926,J0131,Gear Box Cover,Milling,58,473,606,3,19.33,49954,50012,49481,49539,49406
927,J0839,Battery Module Cover,Milling,77,474,608,4,19.25,50012,50089,49538,49615,49481
928,J0345,Battery Module Cover,Assembly,50,430,609,4,12.5,50089,50139,49659,49709,49530
929,J0808,Drive Shaft,Grinding,62,475,609,4,15.5,50139,50201,49664,49726,49592
930,J0827,Engine Bracket,Milling,38,474,609,3,12.67,50201,50239,49727,49765,49630
931,J0287,EV Battery Case,Assembly,96,419,610,5,19.2,50239,50335,49820,49916,49725
932,J0423,Drive Shaft,Lathe,111,427,610,4,27.75,50335,50446,49908,50019,49836
933,J0173,Brake Component,Drilling,35,479,613,4,8.75,50446,50481,49967,50002,49868
934,J0559,Battery Module Cover,Milling,83,481,616,5,16.6,50481,50564,50000,50083,49948
935,J0071,Brake Component,Grinding,27,459,617,4,6.75,50564,50591,50105,50132,49974
936,J0335,EV Battery Case,Milling,105,482,619,5,21.0,50591,50696,50109,50214,50077
937,J0811,Drive Shaft,Grinding,52,464,619,4,13.0,50696,50748,50232,50284,50129
938,J0529,Battery Module Cover,Assembly,48,446,620,4,12.0,50748,50796,50302,50350,50176
939,J0656,Engine Bracket,Milling,36,445,620,3,12.0,50796,50832,50351,50387,50212
940,J0774,EV Battery Case,Assembly,104,380,620,5,20.8,50832,50936,50452,50556,50316
941,J0833,Engine Bracket,Grinding,68,481,620,3,22.67,50936,51004,50455,50523,50384
942,J0054,EV Battery Case,Assembly,99,423,622,5,19.8,51004,51103,50581,50680,50481
943,J0597,Battery Module Cover,Assembly,80,491,624,4,20.0,51103,51183,50612,50692,50559
944,J0671,EV Battery Case,Assembly,69,498,624,5,13.8,51183,51252,50685,50754,50628
945,J0297,Brake Component,Grinding,34,483,625,4,8.5,51252,51286,50769,50803,50661
946,J0536,Engine Bracket,Grinding,55,432,626,3,18.33,51286,51341,50854,50909,50715
947,J0903,Battery Module Cover,Assembly,98,388,627,4,24.5,51341,51439,50953,51051,50812
948,J0539,Drive Shaft,Grinding,76,433,629,4,19.0,51439,51515,51006,51082,50886
949,J0614,Gear Box Cover,Milling,90,490,629,3,30.0,51515,51605,51025,51115,50976
950,J0805,EV Battery Case,Assembly,114,425,629,5,22.8,51605,51719,51180,51294,51090
951,J0080,Engine Bracket,Milling,52,434,630,3,17.33,51719,51771,51285,51337,51141
952,J0057,EV Battery Case,Assembly,112,447,631,5,22.4,51771,51883,51324,51436,51252
953,J0750,Drive Shaft,Lathe,100,498,632,5,20.0,51883,51983,51385,51485,51351
954,J0279,Sensor Housing,Milling,6,486,635,1,6.0,51983,51989,51497,51503,51354
955,J0592,Brake Component,Drilling,45,455,635,4,11.25,51989,52034,51534,51579,51399
956,J0177,Gear Box Cover,Drilling,74,420,636,3,24.67,52034,52108,51614,51688,51472
957,J0711,Brake Component,Drilling,28,490,637,4,7.0,52108,52136,51618,51646,51499
958,J0749,Engine Bracket,Grinding,65,430,637,3,21.67,52136,52201,51706,51771,51564
959,J0863,EV Battery Case,Milling,102,402,638,5,20.4,52201,52303,51799,51901,51665
960,J0316,Gear Box Cover,Milling,74,439,639,3,24.67,52303,52377,51864,51938,51738
961,J0456,Engine Bracket,Milling,68,478,640,3,22.67,52377,52445,51899,51967,51805
962,J0526,Drive Shaft,Lathe,88,486,640,4,22.0,52445,52533,51959,52047,51893
963,J0451,Gear Box Cover,Drilling,35,485,641,3,11.67,52533,52568,52048,52083,51927
964,J0133,Engine Bracket,Milling,40,497,642,3,13.33,52568,52608,52071,52111,51966
965,J0585,Drive Shaft,Lathe,101,492,643,4,25.25,52608,52709,52116,52217,52066
966,J0326,Gear Box Cover,Milling,86,491,644,3,28.67,52709,52795,52218,52304,52151
967,J0472,Gear Box Cover,Drilling,25,473,648,3,8.33,52795,52820,52322,52347,52172
968,J0530,Battery Module Cover,Assembly,74,436,648,4,18.5,52820,52894,52384,52458,52246
969,J0926,Gear Box Cover,Milling,90,477,648,3,30.0,52894,52984,52417,52507,52336
970,J0981,EV Battery Case,Assembly,89,490,648,5,17.8,52984,53073,52494,52583,52425
971,J0665,Battery Module Cover,Assembly,70,441,649,4,17.5,53073,53143,52632,52702,52494
972,J0696,Brake Component,Grinding,36,465,650,4,9.0,53143,53179,52678,52714,52529
973,J0625,Brake Component,Drilling,24,493,651,4,6.0,53179,53203,52686,52710,52552
974,J0091,Battery Module Cover,Milling,50,478,652,4,12.5,53203,53253,52725,52775,52601
975,J0976,Battery Module Cover,Milling,68,492,655,4,17.0,53253,53321,52761,52829,52666
976,J0645,EV Battery Case,Assembly,61,473,657,5,12.2,53321,53382,52848,52909,52725
977,J0745,EV Battery Case,Milling,100,463,657,5,20.0,53382,53482,52919,53019,52825
978,J0494,Drive Shaft,Lathe,74,493,658,4,18.5,53482,53556,52989,53063,52898
979,J0104,Brake Component,Drilling,33,490,659,4,8.25,53556,53589,53066,53099,52930
980,J0049,Drive Shaft,Lathe,65,465,661,4,16.25,53589,53654,53124,53189,52993
981,J0588,Engine Bracket,Grinding,63,453,664,3,21.0,53654,53717,53201,53264,53053
982,J0634,Engine Bracket,Grinding,76,444,667,3,25.33,53717,53793,53273,53349,53126
983,J0135,EV Battery Case,Milling,113,448,671,5,22.6,53793,53906,53345,53458,53235
984,J0154,Brake Component,Drilling,31,497,673,4,7.75,53906,53937,53409,53440,53264
985,J0068,EV Battery Case,Milling,87,482,675,5,17.4,53937,54024,53455,53542,53349
986,J0570,Engine Bracket,Grinding,41,492,681,3,13.67,54024,54065,53532,53573,53384
987,J0340,Battery Module Cover,Assembly,82,461,683,4,20.5,54065,54147,53604,53686,53464
988,J0150,Gear Box Cover,Drilling,52,488,684,3,17.33,54147,54199,53659,53711,53515
989,J0758,EV Battery Case,Assembly,97,473,684,5,19.4,54199,54296,53726,53823,53612
990,J0819,Drive Shaft,Grinding,108,493,687,4,27.0,54296,54404,53803,53911,53717
991,J0195,Drive Shaft,Lathe,118,433,688,4,29.5,54404,54522,53971,54089,53834
992,J0272,EV Battery Case,Assembly,87,489,689,5,17.4,54522,54609,54033,54120,53920
993,J0971,Drive Shaft,Lathe,69,489,689,4,17.25,54609,54678,54120,54189,53989
994,J0028,Drive Shaft,Lathe,108,460,695,4,27.0,54678,54786,54218,54326,54091
995,J0792,Drive Shaft,Lathe,58,495,695,4,14.5,54786,54844,54291,54349,54149
996,J0048,EV Battery Case,Assembly,90,465,697,5,18.0,54844,54934,54379,54469,54237
997,J0263,EV Battery Case,Milling,102,467,703,5,20.4,54934,55036,54467,54569,54333
998,J0791,EV Battery Case,Milling,102,491,716,5,20.4,55036,55138,54545,54647,54422
999,J0933,EV Battery Case,Assembly,119,493,721,5,23.8,55138,55257,54645,54764,54536
1000,J0788,Battery Module Cover,Assembly,91,494,723,4,22.75,55257,55348,54763,54854,54625
